espn_order,player_name,source_player_name,in_current_checkpoint,source_name,source_updated_date,source_url,notes
1,Jahmyr Gibbs,Jahmyr Gibbs,true,Hashtag Football - ESPN ADP Data,2026-08-31,https://hashtagfootball.com/fantasy-football-adp-espn,
2,Bijan Robinson,Bijan Robinson,true,Hashtag Football - ESPN ADP Data,2026-08-31,https://hashtagfootball.com/fantasy-football-adp-espn,
3,Ja'Marr Chase,Ja'Marr Chase,true,Hashtag Football - ESPN ADP Data,2026-08-31,https://hashtagfootball.com/fantasy-football-adp-espn,
4,Puka Nacua,Puka Nacua,true,Hashtag Football - ESPN ADP Data,2026-08-31,https://hashtagfootball.com/fantasy-football-adp-espn,
5,Jaxon Smith-Njigba,Jaxon Smith-Njigba,true,Hashtag Football - ESPN ADP Data,2026-08-31,https://hashtagfootball.com/fantasy-football-adp-espn,
6,Jonathan Taylor,Jonathan Taylor,true,Hashtag Football - ESPN ADP Data,2026-08-31,https://hashtagfootball.com/fantasy-football-adp-espn,
7,Christian McCaffrey,Christian McCaffrey,true,Hashtag Football - ESPN ADP Data,2026-08-31,https://hashtagfootball.com/fantasy-football-adp-espn,
8,Amon-Ra St. Brown,Amon-Ra St. Brown,true,Hashtag Football - ESPN ADP Data,2026-08-31,https://hashtagfootball.com/fantasy-football-adp-espn,
9,James Cook III,James Cook III,true,Hashtag Football - ESPN ADP Data,2026-08-31,https://hashtagfootball.com/fantasy-football-adp-espn,
10,CeeDee Lamb,CeeDee Lamb,true,Hashtag Football - ESPN ADP Data,2026-08-31,https://hashtagfootball.com/fantasy-football-adp-espn,
11,De'Von Achane,De'Von Achane,true,Hashtag Football - ESPN ADP Data,2026-08-31,https://hashtagfootball.com/fantasy-football-adp-espn,
12,Justin Jefferson,Justin Jefferson,true,Hashtag Football - ESPN ADP Data,2026-08-31,https://hashtagfootball.com/fantasy-football-adp-espn,
13,Saquon Barkley,Saquon Barkley,true,Hashtag Football - ESPN ADP Data,2026-08-31,https://hashtagfootball.com/fantasy-football-adp-espn,
14,Derrick Henry,Derrick Henry,true,Hashtag Football - ESPN ADP Data,2026-08-31,https://hashtagfootball.com/fantasy-football-adp-espn,
15,Chase Brown,Chase Brown,true,Hashtag Football - ESPN ADP Data,2026-08-31,https://hashtagfootball.com/fantasy-football-adp-espn,
16,Josh Allen,Josh Allen,true,Hashtag Football - ESPN ADP Data,2026-08-31,https://hashtagfootball.com/fantasy-football-adp-espn,
17,Drake London,Drake London,true,Hashtag Football - ESPN ADP Data,2026-08-31,https://hashtagfootball.com/fantasy-football-adp-espn,
18,Omarion Hampton,Omarion Hampton,true,Hashtag Football - ESPN ADP Data,2026-08-31,https://hashtagfootball.com/fantasy-football-adp-espn,
19,Ashton Jeanty,Ashton Jeanty,true,Hashtag Football - ESPN ADP Data,2026-08-31,https://hashtagfootball.com/fantasy-football-adp-espn,
20,A.J. Brown,A.J. Brown,true,Hashtag Football - ESPN ADP Data,2026-08-31,https://hashtagfootball.com/fantasy-football-adp-espn,
21,Trey McBride,Trey McBride,true,Hashtag Football - ESPN ADP Data,2026-08-31,https://hashtagfootball.com/fantasy-football-adp-espn,
22,Brock Bowers,Brock Bowers,true,Hashtag Football - ESPN ADP Data,2026-08-31,https://hashtagfootball.com/fantasy-football-adp-espn,
23,Kenneth Walker III,Kenneth Walker III,true,Hashtag Football - ESPN ADP Data,2026-08-31,https://hashtagfootball.com/fantasy-football-adp-espn,
24,Jeremiyah Love,Jeremiyah Love,true,Hashtag Football - ESPN ADP Data,2026-08-31,https://hashtagfootball.com/fantasy-football-adp-espn,
25,Nico Collins,Nico Collins,true,Hashtag Football - ESPN ADP Data,2026-08-31,https://hashtagfootball.com/fantasy-football-adp-espn,
26,Rashee Rice,Rashee Rice,true,Hashtag Football - ESPN ADP Data,2026-08-31,https://hashtagfootball.com/fantasy-football-adp-espn,
27,George Pickens,George Pickens,true,Hashtag Football - ESPN ADP Data,2026-08-31,https://hashtagfootball.com/fantasy-football-adp-espn,
28,Chris Olave,Chris Olave,true,Hashtag Football - ESPN ADP Data,2026-08-31,https://hashtagfootball.com/fantasy-football-adp-espn,
29,Javonte Williams,Javonte Williams,true,Hashtag Football - ESPN ADP Data,2026-08-31,https://hashtagfootball.com/fantasy-football-adp-espn,
30,Malik Nabers,Malik Nabers,true,Hashtag Football - ESPN ADP Data,2026-08-31,https://hashtagfootball.com/fantasy-football-adp-espn,
31,Lamar Jackson,Lamar Jackson,true,Hashtag Football - ESPN ADP Data,2026-08-31,https://hashtagfootball.com/fantasy-football-adp-espn,
32,Breece Hall,Breece Hall,true,Hashtag Football - ESPN ADP Data,2026-08-31,https://hashtagfootball.com/fantasy-football-adp-espn,
33,Kyren Williams,Kyren Williams,true,Hashtag Football - ESPN ADP Data,2026-08-31,https://hashtagfootball.com/fantasy-football-adp-espn,
34,Garrett Wilson,Garrett Wilson,true,Hashtag Football - ESPN ADP Data,2026-08-31,https://hashtagfootball.com/fantasy-football-adp-espn,
35,DeVonta Smith,DeVonta Smith,true,Hashtag Football - ESPN ADP Data,2026-08-31,https://hashtagfootball.com/fantasy-football-adp-espn,
36,Tetairoa McMillan,Tetairoa McMillan,true,Hashtag Football - ESPN ADP Data,2026-08-31,https://hashtagfootball.com/fantasy-football-adp-espn,
37,Travis Etienne Jr.,Travis Etienne Jr.,true,Hashtag Football - ESPN ADP Data,2026-08-31,https://hashtagfootball.com/fantasy-football-adp-espn,
38,Colston Loveland,Colston Loveland,true,Hashtag Football - ESPN ADP Data,2026-08-31,https://hashtagfootball.com/fantasy-football-adp-espn,
39,Zay Flowers,Zay Flowers,true,Hashtag Football - ESPN ADP Data,2026-08-31,https://hashtagfootball.com/fantasy-football-adp-espn,
40,Cam Skattebo,Cam Skattebo,true,Hashtag Football - ESPN ADP Data,2026-08-31,https://hashtagfootball.com/fantasy-football-adp-espn,
41,Emeka Egbuka,Emeka Egbuka,true,Hashtag Football - ESPN ADP Data,2026-08-31,https://hashtagfootball.com/fantasy-football-adp-espn,
42,Davante Adams,Davante Adams,true,Hashtag Football - ESPN ADP Data,2026-08-31,https://hashtagfootball.com/fantasy-football-adp-espn,
43,Ladd McConkey,Ladd McConkey,true,Hashtag Football - ESPN ADP Data,2026-08-31,https://hashtagfootball.com/fantasy-football-adp-espn,
44,Drake Maye,Drake Maye,true,Hashtag Football - ESPN ADP Data,2026-08-31,https://hashtagfootball.com/fantasy-football-adp-espn,
45,Quinshon Judkins,Quinshon Judkins,true,Hashtag Football - ESPN ADP Data,2026-08-31,https://hashtagfootball.com/fantasy-football-adp-espn,
46,Tee Higgins,Tee Higgins,true,Hashtag Football - ESPN ADP Data,2026-08-31,https://hashtagfootball.com/fantasy-football-adp-espn,
47,Tyler Warren,Tyler Warren,true,Hashtag Football - ESPN ADP Data,2026-08-31,https://hashtagfootball.com/fantasy-football-adp-espn,
48,Jayden Daniels,Jayden Daniels,true,Hashtag Football - ESPN ADP Data,2026-08-31,https://hashtagfootball.com/fantasy-football-adp-espn,
49,Jaylen Waddle,Jaylen Waddle,true,Hashtag Football - ESPN ADP Data,2026-08-31,https://hashtagfootball.com/fantasy-football-adp-espn,
50,Josh Jacobs,Josh Jacobs,true,Hashtag Football - ESPN ADP Data,2026-08-31,https://hashtagfootball.com/fantasy-football-adp-espn,
51,Jalen Hurts,Jalen Hurts,true,Hashtag Football - ESPN ADP Data,2026-08-31,https://hashtagfootball.com/fantasy-football-adp-espn,
52,Joe Burrow,Joe Burrow,true,Hashtag Football - ESPN ADP Data,2026-08-31,https://hashtagfootball.com/fantasy-football-adp-espn,
53,D'Andre Swift,D'Andre Swift,true,Hashtag Football - ESPN ADP Data,2026-08-31,https://hashtagfootball.com/fantasy-football-adp-espn,
54,Bucky Irving,Bucky Irving,true,Hashtag Football - ESPN ADP Data,2026-08-31,https://hashtagfootball.com/fantasy-football-adp-espn,
55,Terry McLaurin,Terry McLaurin,true,Hashtag Football - ESPN ADP Data,2026-08-31,https://hashtagfootball.com/fantasy-football-adp-espn,
56,DJ Moore,DJ Moore,true,Hashtag Football - ESPN ADP Data,2026-08-31,https://hashtagfootball.com/fantasy-football-adp-espn,
57,David Montgomery,David Montgomery,true,Hashtag Football - ESPN ADP Data,2026-08-31,https://hashtagfootball.com/fantasy-football-adp-espn,
58,Bhayshul Tuten,Bhayshul Tuten,true,Hashtag Football - ESPN ADP Data,2026-08-31,https://hashtagfootball.com/fantasy-football-adp-espn,
59,Jameson Williams,Jameson Williams,true,Hashtag Football - ESPN ADP Data,2026-08-31,https://hashtagfootball.com/fantasy-football-adp-espn,
60,Rome Odunze,Rome Odunze,true,Hashtag Football - ESPN ADP Data,2026-08-31,https://hashtagfootball.com/fantasy-football-adp-espn,
61,Kyle Pitts Sr.,Kyle Pitts Sr.,true,Hashtag Football - ESPN ADP Data,2026-08-31,https://hashtagfootball.com/fantasy-football-adp-espn,
62,Jadarian Price,Jadarian Price,true,Hashtag Football - ESPN ADP Data,2026-08-31,https://hashtagfootball.com/fantasy-football-adp-espn,
63,Harold Fannin Jr.,Harold Fannin Jr.,true,Hashtag Football - ESPN ADP Data,2026-08-31,https://hashtagfootball.com/fantasy-football-adp-espn,
64,Sam LaPorta,Sam LaPorta,true,Hashtag Football - ESPN ADP Data,2026-08-31,https://hashtagfootball.com/fantasy-football-adp-espn,
65,Dak Prescott,Dak Prescott,true,Hashtag Football - ESPN ADP Data,2026-08-31,https://hashtagfootball.com/fantasy-football-adp-espn,
66,Luther Burden III,Luther Burden III,true,Hashtag Football - ESPN ADP Data,2026-08-31,https://hashtagfootball.com/fantasy-football-adp-espn,
67,Carnell Tate,Carnell Tate,true,Hashtag Football - ESPN ADP Data,2026-08-31,https://hashtagfootball.com/fantasy-football-adp-espn,
68,George Kittle,George Kittle,true,Hashtag Football - ESPN ADP Data,2026-08-31,https://hashtagfootball.com/fantasy-football-adp-espn,
69,TreVeyon Henderson,TreVeyon Henderson,true,Hashtag Football - ESPN ADP Data,2026-08-31,https://hashtagfootball.com/fantasy-football-adp-espn,
70,Marvin Harrison Jr.,Marvin Harrison Jr.,true,Hashtag Football - ESPN ADP Data,2026-08-31,https://hashtagfootball.com/fantasy-football-adp-espn,
71,Rhamondre Stevenson,Rhamondre Stevenson,true,Hashtag Football - ESPN ADP Data,2026-08-31,https://hashtagfootball.com/fantasy-football-adp-espn,
72,Courtland Sutton,Courtland Sutton,true,Hashtag Football - ESPN ADP Data,2026-08-31,https://hashtagfootball.com/fantasy-football-adp-espn,
73,Jaxson Dart,Jaxson Dart,true,Hashtag Football - ESPN ADP Data,2026-08-31,https://hashtagfootball.com/fantasy-football-adp-espn,
74,Brandon Aubrey,Brandon Aubrey,true,Hashtag Football - ESPN ADP Data,2026-08-31,https://hashtagfootball.com/fantasy-football-adp-espn,
75,DK Metcalf,DK Metcalf,true,Hashtag Football - ESPN ADP Data,2026-08-31,https://hashtagfootball.com/fantasy-football-adp-espn,
76,Mike Evans,Mike Evans,true,Hashtag Football - ESPN ADP Data,2026-08-31,https://hashtagfootball.com/fantasy-football-adp-espn,
77,Justin Herbert,Justin Herbert,true,Hashtag Football - ESPN ADP Data,2026-08-31,https://hashtagfootball.com/fantasy-football-adp-espn,
78,Michael Pittman Jr.,Michael Pittman Jr.,true,Hashtag Football - ESPN ADP Data,2026-08-31,https://hashtagfootball.com/fantasy-football-adp-espn,
79,Jaylen Warren,Jaylen Warren,true,Hashtag Football - ESPN ADP Data,2026-08-31,https://hashtagfootball.com/fantasy-football-adp-espn,
80,Matthew Stafford,Matthew Stafford,true,Hashtag Football - ESPN ADP Data,2026-08-31,https://hashtagfootball.com/fantasy-football-adp-espn,
81,Christian Watson,Christian Watson,true,Hashtag Football - ESPN ADP Data,2026-08-31,https://hashtagfootball.com/fantasy-football-adp-espn,
82,Parker Washington,Parker Washington,true,Hashtag Football - ESPN ADP Data,2026-08-31,https://hashtagfootball.com/fantasy-football-adp-espn,
83,Tucker Kraft,Tucker Kraft,true,Hashtag Football - ESPN ADP Data,2026-08-31,https://hashtagfootball.com/fantasy-football-adp-espn,
84,Houston Texans,Texans D/ST,true,Hashtag Football - ESPN ADP Data,2026-08-31,https://hashtagfootball.com/fantasy-football-adp-espn,Canonicalized source display name for exact join to the current project player naming.
85,Tony Pollard,Tony Pollard,true,Hashtag Football - ESPN ADP Data,2026-08-31,https://hashtagfootball.com/fantasy-football-adp-espn,
86,Caleb Williams,Caleb Williams,true,Hashtag Football - ESPN ADP Data,2026-08-31,https://hashtagfootball.com/fantasy-football-adp-espn,
87,Travis Kelce,Travis Kelce,true,Hashtag Football - ESPN ADP Data,2026-08-31,https://hashtagfootball.com/fantasy-football-adp-espn,
88,Rico Dowdle,Rico Dowdle,true,Hashtag Football - ESPN ADP Data,2026-08-31,https://hashtagfootball.com/fantasy-football-adp-espn,
89,Trevor Lawrence,Trevor Lawrence,true,Hashtag Football - ESPN ADP Data,2026-08-31,https://hashtagfootball.com/fantasy-football-adp-espn,
90,Denver Broncos,Broncos D/ST,true,Hashtag Football - ESPN ADP Data,2026-08-31,https://hashtagfootball.com/fantasy-football-adp-espn,Canonicalized source display name for exact join to the current project player naming.
91,Bo Nix,Bo Nix,true,Hashtag Football - ESPN ADP Data,2026-08-31,https://hashtagfootball.com/fantasy-football-adp-espn,
92,Michael Wilson,Michael Wilson,true,Hashtag Football - ESPN ADP Data,2026-08-31,https://hashtagfootball.com/fantasy-football-adp-espn,
93,Dallas Goedert,Dallas Goedert,true,Hashtag Football - ESPN ADP Data,2026-08-31,https://hashtagfootball.com/fantasy-football-adp-espn,
94,Kenny Gainwell,Kenny Gainwell,true,Hashtag Football - ESPN ADP Data,2026-08-31,https://hashtagfootball.com/fantasy-football-adp-espn,
95,Los Angeles Rams,Rams D/ST,true,Hashtag Football - ESPN ADP Data,2026-08-31,https://hashtagfootball.com/fantasy-football-adp-espn,Canonicalized source display name for exact join to the current project player naming.
96,Stefon Diggs,Stefon Diggs,true,Hashtag Football - ESPN ADP Data,2026-08-31,https://hashtagfootball.com/fantasy-football-adp-espn,
97,Jonathon Brooks,Jonathon Brooks,true,Hashtag Football - ESPN ADP Data,2026-08-31,https://hashtagfootball.com/fantasy-football-adp-espn,
98,Patrick Mahomes II,Patrick Mahomes,true,Hashtag Football - ESPN ADP Data,2026-08-31,https://hashtagfootball.com/fantasy-football-adp-espn,Canonicalized source display name for exact join to the current project player naming.
99,Alec Pierce,Alec Pierce,true,Hashtag Football - ESPN ADP Data,2026-08-31,https://hashtagfootball.com/fantasy-football-adp-espn,
100,Jake Ferguson,Jake Ferguson,true,Hashtag Football - ESPN ADP Data,2026-08-31,https://hashtagfootball.com/fantasy-football-adp-espn,
101,Chuba Hubbard,Chuba Hubbard,true,Hashtag Football - ESPN ADP Data,2026-08-31,https://hashtagfootball.com/fantasy-football-adp-espn,
102,Brock Purdy,Brock Purdy,true,Hashtag Football - ESPN ADP Data,2026-08-31,https://hashtagfootball.com/fantasy-football-adp-espn,
103,Matthew Golden,Matthew Golden,true,Hashtag Football - ESPN ADP Data,2026-08-31,https://hashtagfootball.com/fantasy-football-adp-espn,
104,Seattle Seahawks,Seahawks D/ST,true,Hashtag Football - ESPN ADP Data,2026-08-31,https://hashtagfootball.com/fantasy-football-adp-espn,Canonicalized source display name for exact join to the current project player naming.
105,Cameron Dicker,Cameron Dicker,true,Hashtag Football - ESPN ADP Data,2026-08-31,https://hashtagfootball.com/fantasy-football-adp-espn,
106,Brian Thomas Jr.,Brian Thomas Jr.,true,Hashtag Football - ESPN ADP Data,2026-08-31,https://hashtagfootball.com/fantasy-football-adp-espn,
107,J.K. Dobbins,J.K. Dobbins,true,Hashtag Football - ESPN ADP Data,2026-08-31,https://hashtagfootball.com/fantasy-football-adp-espn,
108,Wan'Dale Robinson,Wan'Dale Robinson,true,Hashtag Football - ESPN ADP Data,2026-08-31,https://hashtagfootball.com/fantasy-football-adp-espn,
109,Jason Myers,Jason Myers,true,Hashtag Football - ESPN ADP Data,2026-08-31,https://hashtagfootball.com/fantasy-football-adp-espn,
110,Aaron Jones Sr.,Aaron Jones Sr.,true,Hashtag Football - ESPN ADP Data,2026-08-31,https://hashtagfootball.com/fantasy-football-adp-espn,
111,Travis Hunter,Travis Hunter,true,Hashtag Football - ESPN ADP Data,2026-08-31,https://hashtagfootball.com/fantasy-football-adp-espn,
112,Jordan Addison,Jordan Addison,true,Hashtag Football - ESPN ADP Data,2026-08-31,https://hashtagfootball.com/fantasy-football-adp-espn,
113,Pittsburgh Steelers,Steelers D/ST,true,Hashtag Football - ESPN ADP Data,2026-08-31,https://hashtagfootball.com/fantasy-football-adp-espn,Canonicalized source display name for exact join to the current project player naming.
114,Jakobi Meyers,Jakobi Meyers,true,Hashtag Football - ESPN ADP Data,2026-08-31,https://hashtagfootball.com/fantasy-football-adp-espn,
115,Isaiah Likely,Isaiah Likely,true,Hashtag Football - ESPN ADP Data,2026-08-31,https://hashtagfootball.com/fantasy-football-adp-espn,
116,Kyle Monangai,Kyle Monangai,true,Hashtag Football - ESPN ADP Data,2026-08-31,https://hashtagfootball.com/fantasy-football-adp-espn,
117,Chris Godwin Jr.,Chris Godwin Jr.,true,Hashtag Football - ESPN ADP Data,2026-08-31,https://hashtagfootball.com/fantasy-football-adp-espn,
118,Mark Andrews,Mark Andrews,true,Hashtag Football - ESPN ADP Data,2026-08-31,https://hashtagfootball.com/fantasy-football-adp-espn,
119,Ka'imi Fairbairn,Ka'imi Fairbairn,true,Hashtag Football - ESPN ADP Data,2026-08-31,https://hashtagfootball.com/fantasy-football-adp-espn,
120,Rachaad White,Rachaad White,true,Hashtag Football - ESPN ADP Data,2026-08-31,https://hashtagfootball.com/fantasy-football-adp-espn,
121,RJ Harvey,RJ Harvey,true,Hashtag Football - ESPN ADP Data,2026-08-31,https://hashtagfootball.com/fantasy-football-adp-espn,
122,Blake Corum,Blake Corum,true,Hashtag Football - ESPN ADP Data,2026-08-31,https://hashtagfootball.com/fantasy-football-adp-espn,
123,Xavier Worthy,Xavier Worthy,true,Hashtag Football - ESPN ADP Data,2026-08-31,https://hashtagfootball.com/fantasy-football-adp-espn,
124,Quentin Johnston,Quentin Johnston,true,Hashtag Football - ESPN ADP Data,2026-08-31,https://hashtagfootball.com/fantasy-football-adp-espn,
125,Dalton Kincaid,Dalton Kincaid,true,Hashtag Football - ESPN ADP Data,2026-08-31,https://hashtagfootball.com/fantasy-football-adp-espn,
126,Makai Lemon,Makai Lemon,true,Hashtag Football - ESPN ADP Data,2026-08-31,https://hashtagfootball.com/fantasy-football-adp-espn,
127,Baltimore Ravens,Ravens D/ST,true,Hashtag Football - ESPN ADP Data,2026-08-31,https://hashtagfootball.com/fantasy-football-adp-espn,Canonicalized source display name for exact join to the current project player naming.
128,Jacory Croskey-Merritt,Jacory Croskey-Merritt,true,Hashtag Football - ESPN ADP Data,2026-08-31,https://hashtagfootball.com/fantasy-football-adp-espn,
129,Jared Goff,Jared Goff,true,Hashtag Football - ESPN ADP Data,2026-08-31,https://hashtagfootball.com/fantasy-football-adp-espn,
130,Josh Downs,Josh Downs,true,Hashtag Football - ESPN ADP Data,2026-08-31,https://hashtagfootball.com/fantasy-football-adp-espn,
131,Philadelphia Eagles,Eagles D/ST,true,Hashtag Football - ESPN ADP Data,2026-08-31,https://hashtagfootball.com/fantasy-football-adp-espn,Canonicalized source display name for exact join to the current project player naming.
132,Jayden Reed,Jayden Reed,true,Hashtag Football - ESPN ADP Data,2026-08-31,https://hashtagfootball.com/fantasy-football-adp-espn,
133,Harrison Mevis,Harrison Mevis,true,Hashtag Football - ESPN ADP Data,2026-08-31,https://hashtagfootball.com/fantasy-football-adp-espn,
134,Jordan Mason,Jordan Mason,true,Hashtag Football - ESPN ADP Data,2026-08-31,https://hashtagfootball.com/fantasy-football-adp-espn,
135,Khalil Shakir,Khalil Shakir,true,Hashtag Football - ESPN ADP Data,2026-08-31,https://hashtagfootball.com/fantasy-football-adp-espn,
136,Kyler Murray,Kyler Murray,true,Hashtag Football - ESPN ADP Data,2026-08-31,https://hashtagfootball.com/fantasy-football-adp-espn,
137,MarShawn Lloyd,MarShawn Lloyd,true,Hashtag Football - ESPN ADP Data,2026-08-31,https://hashtagfootball.com/fantasy-football-adp-espn,
138,Cam Little,Cam Little,true,Hashtag Football - ESPN ADP Data,2026-08-31,https://hashtagfootball.com/fantasy-football-adp-espn,
139,Deebo Samuel Sr.,Deebo Samuel Sr.,true,Hashtag Football - ESPN ADP Data,2026-08-31,https://hashtagfootball.com/fantasy-football-adp-espn,
140,Eddy Pineiro,Eddy Pineiro,true,Hashtag Football - ESPN ADP Data,2026-08-31,https://hashtagfootball.com/fantasy-football-adp-espn,
141,Harrison Butker,Harrison Butker,true,Hashtag Football - ESPN ADP Data,2026-08-31,https://hashtagfootball.com/fantasy-football-adp-espn,
142,Baker Mayfield,Baker Mayfield,true,Hashtag Football - ESPN ADP Data,2026-08-31,https://hashtagfootball.com/fantasy-football-adp-espn,
143,KC Concepcion,KC Concepcion,true,Hashtag Football - ESPN ADP Data,2026-08-31,https://hashtagfootball.com/fantasy-football-adp-espn,
144,Tyjae Spears,Tyjae Spears,true,Hashtag Football - ESPN ADP Data,2026-08-31,https://hashtagfootball.com/fantasy-football-adp-espn,
145,T.J. Hockenson,T.J. Hockenson,true,Hashtag Football - ESPN ADP Data,2026-08-31,https://hashtagfootball.com/fantasy-football-adp-espn,
146,Romeo Doubs,Romeo Doubs,true,Hashtag Football - ESPN ADP Data,2026-08-31,https://hashtagfootball.com/fantasy-football-adp-espn,
147,Hunter Henry,Hunter Henry,true,Hashtag Football - ESPN ADP Data,2026-08-31,https://hashtagfootball.com/fantasy-football-adp-espn,
148,Woody Marks,Woody Marks,true,Hashtag Football - ESPN ADP Data,2026-08-31,https://hashtagfootball.com/fantasy-football-adp-espn,
149,Tyler Shough,Tyler Shough,true,Hashtag Football - ESPN ADP Data,2026-08-31,https://hashtagfootball.com/fantasy-football-adp-espn,
150,New England Patriots,Patriots D/ST,true,Hashtag Football - ESPN ADP Data,2026-08-31,https://hashtagfootball.com/fantasy-football-adp-espn,Canonicalized source display name for exact join to the current project player naming.
151,Zach Charbonnet,Zach Charbonnet,true,Hashtag Football - ESPN ADP Data,2026-08-31,https://hashtagfootball.com/fantasy-football-adp-espn,
152,Detroit Lions,Lions D/ST,true,Hashtag Football - ESPN ADP Data,2026-08-31,https://hashtagfootball.com/fantasy-football-adp-espn,Canonicalized source display name for exact join to the current project player naming.
153,Jordan Love,Jordan Love,true,Hashtag Football - ESPN ADP Data,2026-08-31,https://hashtagfootball.com/fantasy-football-adp-espn,
154,Jalen Coker,Jalen Coker,true,Hashtag Football - ESPN ADP Data,2026-08-31,https://hashtagfootball.com/fantasy-football-adp-espn,
155,Jake Bates,Jake Bates,true,Hashtag Football - ESPN ADP Data,2026-08-31,https://hashtagfootball.com/fantasy-football-adp-espn,
156,Cleveland Browns,Browns D/ST,true,Hashtag Football - ESPN ADP Data,2026-08-31,https://hashtagfootball.com/fantasy-football-adp-espn,Canonicalized source display name for exact join to the current project player naming.
157,Isiah Pacheco,Isiah Pacheco,true,Hashtag Football - ESPN ADP Data,2026-08-31,https://hashtagfootball.com/fantasy-football-adp-espn,
158,Juwan Johnson,Juwan Johnson,true,Hashtag Football - ESPN ADP Data,2026-08-31,https://hashtagfootball.com/fantasy-football-adp-espn,
159,Daniel Jones,Daniel Jones,true,Hashtag Football - ESPN ADP Data,2026-08-31,https://hashtagfootball.com/fantasy-football-adp-espn,
160,Rashid Shaheed,Rashid Shaheed,true,Hashtag Football - ESPN ADP Data,2026-08-31,https://hashtagfootball.com/fantasy-football-adp-espn,
161,Alvin Kamara,Alvin Kamara,true,Hashtag Football - ESPN ADP Data,2026-08-31,https://hashtagfootball.com/fantasy-football-adp-espn,
162,Kenyon Sadiq,Kenyon Sadiq,true,Hashtag Football - ESPN ADP Data,2026-08-31,https://hashtagfootball.com/fantasy-football-adp-espn,
163,Sam Darnold,Sam Darnold,true,Hashtag Football - ESPN ADP Data,2026-08-31,https://hashtagfootball.com/fantasy-football-adp-espn,
164,Tank Dell,Tank Dell,true,Hashtag Football - ESPN ADP Data,2026-08-31,https://hashtagfootball.com/fantasy-football-adp-espn,
165,Tyler Allgeier,Tyler Allgeier,true,Hashtag Football - ESPN ADP Data,2026-08-31,https://hashtagfootball.com/fantasy-football-adp-espn,
166,Mike Washington Jr.,Mike Washington Jr.,true,Hashtag Football - ESPN ADP Data,2026-08-31,https://hashtagfootball.com/fantasy-football-adp-espn,
167,Chris Boswell,Chris Boswell,true,Hashtag Football - ESPN ADP Data,2026-08-31,https://hashtagfootball.com/fantasy-football-adp-espn,
168,Chris Rodriguez Jr.,Chris Rodriguez Jr.,true,Hashtag Football - ESPN ADP Data,2026-08-31,https://hashtagfootball.com/fantasy-football-adp-espn,
169,Jalen McMillan,Jalen McMillan,true,Hashtag Football - ESPN ADP Data,2026-08-31,https://hashtagfootball.com/fantasy-football-adp-espn,
170,Tyler Loop,Tyler Loop,true,Hashtag Football - ESPN ADP Data,2026-08-31,https://hashtagfootball.com/fantasy-football-adp-espn,
171,C.J. Stroud,C.J. Stroud,true,Hashtag Football - ESPN ADP Data,2026-08-31,https://hashtagfootball.com/fantasy-football-adp-espn,
172,Keenan Allen,Keenan Allen,true,Hashtag Football - ESPN ADP Data,2026-08-31,https://hashtagfootball.com/fantasy-football-adp-espn,
173,Los Angeles Chargers,Chargers D/ST,true,Hashtag Football - ESPN ADP Data,2026-08-31,https://hashtagfootball.com/fantasy-football-adp-espn,Canonicalized source display name for exact join to the current project player naming.
174,Kansas City Chiefs,Chiefs D/ST,true,Hashtag Football - ESPN ADP Data,2026-08-31,https://hashtagfootball.com/fantasy-football-adp-espn,Canonicalized source display name for exact join to the current project player naming.
175,Dallas Cowboys,Cowboys D/ST,true,Hashtag Football - ESPN ADP Data,2026-08-31,https://hashtagfootball.com/fantasy-football-adp-espn,Canonicalized source display name for exact join to the current project player naming.
176,Malik Willis,Malik Willis,true,Hashtag Football - ESPN ADP Data,2026-08-31,https://hashtagfootball.com/fantasy-football-adp-espn,
177,Brian Robinson Jr.,Brian Robinson Jr.,true,Hashtag Football - ESPN ADP Data,2026-08-31,https://hashtagfootball.com/fantasy-football-adp-espn,
178,Brenton Strange,Brenton Strange,true,Hashtag Football - ESPN ADP Data,2026-08-31,https://hashtagfootball.com/fantasy-football-adp-espn,
179,Will Reichard,Will Reichard,true,Hashtag Football - ESPN ADP Data,2026-08-31,https://hashtagfootball.com/fantasy-football-adp-espn,
180,Jacksonville Jaguars,Jaguars D/ST,true,Hashtag Football - ESPN ADP Data,2026-08-31,https://hashtagfootball.com/fantasy-football-adp-espn,Canonicalized source display name for exact join to the current project player naming.
181,Jordyn Tyson,Jordyn Tyson,true,Hashtag Football - ESPN ADP Data,2026-08-31,https://hashtagfootball.com/fantasy-football-adp-espn,
182,Calvin Ridley,Calvin Ridley,true,Hashtag Football - ESPN ADP Data,2026-08-31,https://hashtagfootball.com/fantasy-football-adp-espn,
183,Jerry Jeudy,Jerry Jeudy,true,Hashtag Football - ESPN ADP Data,2026-08-31,https://hashtagfootball.com/fantasy-football-adp-espn,
184,Justice Hill,Justice Hill,true,Hashtag Football - ESPN ADP Data,2026-08-31,https://hashtagfootball.com/fantasy-football-adp-espn,
185,Dalton Schultz,Dalton Schultz,true,Hashtag Football - ESPN ADP Data,2026-08-31,https://hashtagfootball.com/fantasy-football-adp-espn,
186,Denzel Boston,Denzel Boston,true,Hashtag Football - ESPN ADP Data,2026-08-31,https://hashtagfootball.com/fantasy-football-adp-espn,
187,Bryce Young,Bryce Young,true,Hashtag Football - ESPN ADP Data,2026-08-31,https://hashtagfootball.com/fantasy-football-adp-espn,
188,Minnesota Vikings,Vikings D/ST,true,Hashtag Football - ESPN ADP Data,2026-08-31,https://hashtagfootball.com/fantasy-football-adp-espn,Canonicalized source display name for exact join to the current project player naming.
189,San Francisco 49ers,49ers D/ST,true,Hashtag Football - ESPN ADP Data,2026-08-31,https://hashtagfootball.com/fantasy-football-adp-espn,Canonicalized source display name for exact join to the current project player naming.
190,Buffalo Bills,Bills D/ST,true,Hashtag Football - ESPN ADP Data,2026-08-31,https://hashtagfootball.com/fantasy-football-adp-espn,Canonicalized source display name for exact join to the current project player naming.
191,Cairo Santos,Cairo Santos,true,Hashtag Football - ESPN ADP Data,2026-08-31,https://hashtagfootball.com/fantasy-football-adp-espn,
192,Jake Elliott,Jake Elliott,true,Hashtag Football - ESPN ADP Data,2026-08-31,https://hashtagfootball.com/fantasy-football-adp-espn,
193,Tre Tucker,Tre Tucker,true,Hashtag Football - ESPN ADP Data,2026-08-31,https://hashtagfootball.com/fantasy-football-adp-espn,
194,Dylan Sampson,Dylan Sampson,true,Hashtag Football - ESPN ADP Data,2026-08-31,https://hashtagfootball.com/fantasy-football-adp-espn,
195,Jonah Coleman,Jonah Coleman,true,Hashtag Football - ESPN ADP Data,2026-08-31,https://hashtagfootball.com/fantasy-football-adp-espn,
196,Cam Ward,Cam Ward,true,Hashtag Football - ESPN ADP Data,2026-08-31,https://hashtagfootball.com/fantasy-football-adp-espn,
197,Cooper Kupp,Cooper Kupp,true,Hashtag Football - ESPN ADP Data,2026-08-31,https://hashtagfootball.com/fantasy-football-adp-espn,
198,Aaron Rodgers,Aaron Rodgers,true,Hashtag Football - ESPN ADP Data,2026-08-31,https://hashtagfootball.com/fantasy-football-adp-espn,
199,Green Bay Packers,Packers D/ST,true,Hashtag Football - ESPN ADP Data,2026-08-31,https://hashtagfootball.com/fantasy-football-adp-espn,Canonicalized source display name for exact join to the current project player naming.
200,Evan McPherson,Evan McPherson,true,Hashtag Football - ESPN ADP Data,2026-08-31,https://hashtagfootball.com/fantasy-football-adp-espn,
201,Odell Beckham Jr.,Odell Beckham Jr.,false,Hashtag Football - ESPN ADP Data,2026-08-31,https://hashtagfootball.com/fantasy-football-adp-espn,Not present in the 365-row checkpoint dated 2026-09-03.
202,Keaton Mitchell,Keaton Mitchell,true,Hashtag Football - ESPN ADP Data,2026-08-31,https://hashtagfootball.com/fantasy-football-adp-espn,
203,Pat Freiermuth,Pat Freiermuth,true,Hashtag Football - ESPN ADP Data,2026-08-31,https://hashtagfootball.com/fantasy-football-adp-espn,
204,Tyler Bass,Tyler Bass,true,Hashtag Football - ESPN ADP Data,2026-08-31,https://hashtagfootball.com/fantasy-football-adp-espn,
205,Matt Gay,Matt Gay,false,Hashtag Football - ESPN ADP Data,2026-08-31,https://hashtagfootball.com/fantasy-football-adp-espn,Not present in the 365-row checkpoint dated 2026-09-03.
206,Chicago Bears,Bears D/ST,true,Hashtag Football - ESPN ADP Data,2026-08-31,https://hashtagfootball.com/fantasy-football-adp-espn,Canonicalized source display name for exact join to the current project player naming.
207,Wil Lutz,Wil Lutz,true,Hashtag Football - ESPN ADP Data,2026-08-31,https://hashtagfootball.com/fantasy-football-adp-espn,
208,Cincinnati Bengals,Bengals D/ST,false,Hashtag Football - ESPN ADP Data,2026-08-31,https://hashtagfootball.com/fantasy-football-adp-espn,Canonicalized source display name for exact join to the current project player naming. Not present in the 365-row checkpoint dated 2026-09-03.
209,Washington Commanders,Commanders D/ST,false,Hashtag Football - ESPN ADP Data,2026-08-31,https://hashtagfootball.com/fantasy-football-adp-espn,Canonicalized source display name for exact join to the current project player naming. Not present in the 365-row checkpoint dated 2026-09-03.
210,Miami Dolphins,Dolphins D/ST,false,Hashtag Football - ESPN ADP Data,2026-08-31,https://hashtagfootball.com/fantasy-football-adp-espn,Canonicalized source display name for exact join to the current project player naming. Not present in the 365-row checkpoint dated 2026-09-03.
211,New York Giants,Giants D/ST,true,Hashtag Football - ESPN ADP Data,2026-08-31,https://hashtagfootball.com/fantasy-football-adp-espn,Canonicalized source display name for exact join to the current project player naming.
212,Justin Tucker,Justin Tucker,false,Hashtag Football - ESPN ADP Data,2026-08-31,https://hashtagfootball.com/fantasy-football-adp-espn,Not present in the 365-row checkpoint dated 2026-09-03.
213,David Njoku,David Njoku,true,Hashtag Football - ESPN ADP Data,2026-08-31,https://hashtagfootball.com/fantasy-football-adp-espn,
214,Cole Kmet,Cole Kmet,false,Hashtag Football - ESPN ADP Data,2026-08-31,https://hashtagfootball.com/fantasy-football-adp-espn,Not present in the 365-row checkpoint dated 2026-09-03.
215,Tank Bigsby,Tank Bigsby,true,Hashtag Football - ESPN ADP Data,2026-08-31,https://hashtagfootball.com/fantasy-football-adp-espn,
216,AJ Barner,AJ Barner,true,Hashtag Football - ESPN ADP Data,2026-08-31,https://hashtagfootball.com/fantasy-football-adp-espn,
