player_name,position,tier_source,tier,source_tier_label,scoring_format,source_date,source_url,confidence,notes
Josh Allen,QB,David Hartman / Big Blue View,1,Tier I - The One of One,4-point passing TD; reception scoring not material to QB tiers,2026-08-30,https://www.bigblueview.com/new-york-giants-roster/169387/fantasy-football-2026-final-qb-rankings-and-tiers,verified_article_table,
Lamar Jackson,QB,David Hartman / Big Blue View,2,Tier II - The Elites,4-point passing TD; reception scoring not material to QB tiers,2026-08-30,https://www.bigblueview.com/new-york-giants-roster/169387/fantasy-football-2026-final-qb-rankings-and-tiers,verified_article_table,
Drake Maye,QB,David Hartman / Big Blue View,2,Tier II - The Elites,4-point passing TD; reception scoring not material to QB tiers,2026-08-30,https://www.bigblueview.com/new-york-giants-roster/169387/fantasy-football-2026-final-qb-rankings-and-tiers,verified_article_table,
Jalen Hurts,QB,David Hartman / Big Blue View,2,Tier II - The Elites,4-point passing TD; reception scoring not material to QB tiers,2026-08-30,https://www.bigblueview.com/new-york-giants-roster/169387/fantasy-football-2026-final-qb-rankings-and-tiers,verified_article_table,
Joe Burrow,QB,David Hartman / Big Blue View,2,Tier II - The Elites,4-point passing TD; reception scoring not material to QB tiers,2026-08-30,https://www.bigblueview.com/new-york-giants-roster/169387/fantasy-football-2026-final-qb-rankings-and-tiers,verified_article_table,
Jayden Daniels,QB,David Hartman / Big Blue View,3,Tier III - Solid QB1s,4-point passing TD; reception scoring not material to QB tiers,2026-08-30,https://www.bigblueview.com/new-york-giants-roster/169387/fantasy-football-2026-final-qb-rankings-and-tiers,verified_article_table,
Dak Prescott,QB,David Hartman / Big Blue View,3,Tier III - Solid QB1s,4-point passing TD; reception scoring not material to QB tiers,2026-08-30,https://www.bigblueview.com/new-york-giants-roster/169387/fantasy-football-2026-final-qb-rankings-and-tiers,verified_article_table,
Caleb Williams,QB,David Hartman / Big Blue View,3,Tier III - Solid QB1s,4-point passing TD; reception scoring not material to QB tiers,2026-08-30,https://www.bigblueview.com/new-york-giants-roster/169387/fantasy-football-2026-final-qb-rankings-and-tiers,verified_article_table,
Justin Herbert,QB,David Hartman / Big Blue View,3,Tier III - Solid QB1s,4-point passing TD; reception scoring not material to QB tiers,2026-08-30,https://www.bigblueview.com/new-york-giants-roster/169387/fantasy-football-2026-final-qb-rankings-and-tiers,verified_article_table,
Trevor Lawrence,QB,David Hartman / Big Blue View,3,Tier III - Solid QB1s,4-point passing TD; reception scoring not material to QB tiers,2026-08-30,https://www.bigblueview.com/new-york-giants-roster/169387/fantasy-football-2026-final-qb-rankings-and-tiers,verified_article_table,
Jared Goff,QB,David Hartman / Big Blue View,3,Tier III - Solid QB1s,4-point passing TD; reception scoring not material to QB tiers,2026-08-30,https://www.bigblueview.com/new-york-giants-roster/169387/fantasy-football-2026-final-qb-rankings-and-tiers,verified_article_table,
Jaxson Dart,QB,David Hartman / Big Blue View,3,Tier III - Solid QB1s,4-point passing TD; reception scoring not material to QB tiers,2026-08-30,https://www.bigblueview.com/new-york-giants-roster/169387/fantasy-football-2026-final-qb-rankings-and-tiers,verified_article_table,
Brock Purdy,QB,David Hartman / Big Blue View,4,Tier IV - Overflow QB1s,4-point passing TD; reception scoring not material to QB tiers,2026-08-30,https://www.bigblueview.com/new-york-giants-roster/169387/fantasy-football-2026-final-qb-rankings-and-tiers,verified_article_table,
Matthew Stafford,QB,David Hartman / Big Blue View,4,Tier IV - Overflow QB1s,4-point passing TD; reception scoring not material to QB tiers,2026-08-30,https://www.bigblueview.com/new-york-giants-roster/169387/fantasy-football-2026-final-qb-rankings-and-tiers,verified_article_table,
Patrick Mahomes II,QB,David Hartman / Big Blue View,4,Tier IV - Overflow QB1s,4-point passing TD; reception scoring not material to QB tiers,2026-08-30,https://www.bigblueview.com/new-york-giants-roster/169387/fantasy-football-2026-final-qb-rankings-and-tiers,verified_article_table,
Bo Nix,QB,David Hartman / Big Blue View,4,Tier IV - Overflow QB1s,4-point passing TD; reception scoring not material to QB tiers,2026-08-30,https://www.bigblueview.com/new-york-giants-roster/169387/fantasy-football-2026-final-qb-rankings-and-tiers,verified_article_table,
Kyler Murray,QB,David Hartman / Big Blue View,5,Tier V - The Upside Guys,4-point passing TD; reception scoring not material to QB tiers,2026-08-30,https://www.bigblueview.com/new-york-giants-roster/169387/fantasy-football-2026-final-qb-rankings-and-tiers,verified_article_table,
Baker Mayfield,QB,David Hartman / Big Blue View,5,Tier V - The Upside Guys,4-point passing TD; reception scoring not material to QB tiers,2026-08-30,https://www.bigblueview.com/new-york-giants-roster/169387/fantasy-football-2026-final-qb-rankings-and-tiers,verified_article_table,
Jordan Love,QB,David Hartman / Big Blue View,5,Tier V - The Upside Guys,4-point passing TD; reception scoring not material to QB tiers,2026-08-30,https://www.bigblueview.com/new-york-giants-roster/169387/fantasy-football-2026-final-qb-rankings-and-tiers,verified_article_table,
Malik Willis,QB,David Hartman / Big Blue View,5,Tier V - The Upside Guys,4-point passing TD; reception scoring not material to QB tiers,2026-08-30,https://www.bigblueview.com/new-york-giants-roster/169387/fantasy-football-2026-final-qb-rankings-and-tiers,verified_article_table,
Sam Darnold,QB,David Hartman / Big Blue View,5,Tier V - The Upside Guys,4-point passing TD; reception scoring not material to QB tiers,2026-08-30,https://www.bigblueview.com/new-york-giants-roster/169387/fantasy-football-2026-final-qb-rankings-and-tiers,verified_article_table,
Tyler Shough,QB,David Hartman / Big Blue View,5,Tier V - The Upside Guys,4-point passing TD; reception scoring not material to QB tiers,2026-08-30,https://www.bigblueview.com/new-york-giants-roster/169387/fantasy-football-2026-final-qb-rankings-and-tiers,verified_article_table,
Daniel Jones,QB,David Hartman / Big Blue View,6,Tier VI - The Rest,4-point passing TD; reception scoring not material to QB tiers,2026-08-30,https://www.bigblueview.com/new-york-giants-roster/169387/fantasy-football-2026-final-qb-rankings-and-tiers,verified_article_table,
Bryce Young,QB,David Hartman / Big Blue View,6,Tier VI - The Rest,4-point passing TD; reception scoring not material to QB tiers,2026-08-30,https://www.bigblueview.com/new-york-giants-roster/169387/fantasy-football-2026-final-qb-rankings-and-tiers,verified_article_table,
Jacoby Brissett,QB,David Hartman / Big Blue View,6,Tier VI - The Rest,4-point passing TD; reception scoring not material to QB tiers,2026-08-30,https://www.bigblueview.com/new-york-giants-roster/169387/fantasy-football-2026-final-qb-rankings-and-tiers,verified_article_table,
Aaron Rodgers,QB,David Hartman / Big Blue View,6,Tier VI - The Rest,4-point passing TD; reception scoring not material to QB tiers,2026-08-30,https://www.bigblueview.com/new-york-giants-roster/169387/fantasy-football-2026-final-qb-rankings-and-tiers,verified_article_table,
C.J. Stroud,QB,David Hartman / Big Blue View,6,Tier VI - The Rest,4-point passing TD; reception scoring not material to QB tiers,2026-08-30,https://www.bigblueview.com/new-york-giants-roster/169387/fantasy-football-2026-final-qb-rankings-and-tiers,verified_article_table,
Cam Ward,QB,David Hartman / Big Blue View,6,Tier VI - The Rest,4-point passing TD; reception scoring not material to QB tiers,2026-08-30,https://www.bigblueview.com/new-york-giants-roster/169387/fantasy-football-2026-final-qb-rankings-and-tiers,verified_article_table,
Geno Smith,QB,David Hartman / Big Blue View,6,Tier VI - The Rest,4-point passing TD; reception scoring not material to QB tiers,2026-08-30,https://www.bigblueview.com/new-york-giants-roster/169387/fantasy-football-2026-final-qb-rankings-and-tiers,verified_article_table,
Michael Penix Jr.,QB,David Hartman / Big Blue View,6,Tier VI - The Rest,4-point passing TD; reception scoring not material to QB tiers,2026-08-30,https://www.bigblueview.com/new-york-giants-roster/169387/fantasy-football-2026-final-qb-rankings-and-tiers,verified_article_table,
Kirk Cousins,QB,David Hartman / Big Blue View,6,Tier VI - The Rest,4-point passing TD; reception scoring not material to QB tiers,2026-08-30,https://www.bigblueview.com/new-york-giants-roster/169387/fantasy-football-2026-final-qb-rankings-and-tiers,verified_article_table,
Tua Tagovailoa,QB,David Hartman / Big Blue View,7,Tier VII - No Thanks,4-point passing TD; reception scoring not material to QB tiers,2026-08-30,https://www.bigblueview.com/new-york-giants-roster/169387/fantasy-football-2026-final-qb-rankings-and-tiers,verified_article_table,
Shedeur Sanders,QB,David Hartman / Big Blue View,7,Tier VII - No Thanks,4-point passing TD; reception scoring not material to QB tiers,2026-08-30,https://www.bigblueview.com/new-york-giants-roster/169387/fantasy-football-2026-final-qb-rankings-and-tiers,verified_article_table,
Deshaun Watson,QB,David Hartman / Big Blue View,7,Tier VII - No Thanks,4-point passing TD; reception scoring not material to QB tiers,2026-08-30,https://www.bigblueview.com/new-york-giants-roster/169387/fantasy-football-2026-final-qb-rankings-and-tiers,verified_article_table,
Fernando Mendoza,QB,David Hartman / Big Blue View,7,Tier VII - No Thanks,4-point passing TD; reception scoring not material to QB tiers,2026-08-30,https://www.bigblueview.com/new-york-giants-roster/169387/fantasy-football-2026-final-qb-rankings-and-tiers,verified_article_table,
Jahmyr Gibbs,RB,David Hartman / Big Blue View,1,TIER I - The Absolute Studs,Half-PPR,2026-09-02,https://www.bigblueview.com/new-york-giants-roster/169662/fantasy-football-2026-final-rb-rankings-and-tiers,verified_article_table,
Bijan Robinson,RB,David Hartman / Big Blue View,1,TIER I - The Absolute Studs,Half-PPR,2026-09-02,https://www.bigblueview.com/new-york-giants-roster/169662/fantasy-football-2026-final-rb-rankings-and-tiers,verified_article_table,
Jonathan Taylor,RB,David Hartman / Big Blue View,2,TIER II - Solid RB1s,Half-PPR,2026-09-02,https://www.bigblueview.com/new-york-giants-roster/169662/fantasy-football-2026-final-rb-rankings-and-tiers,verified_article_table,
Christian McCaffrey,RB,David Hartman / Big Blue View,2,TIER II - Solid RB1s,Half-PPR,2026-09-02,https://www.bigblueview.com/new-york-giants-roster/169662/fantasy-football-2026-final-rb-rankings-and-tiers,verified_article_table,
James Cook III,RB,David Hartman / Big Blue View,2,TIER II - Solid RB1s,Half-PPR,2026-09-02,https://www.bigblueview.com/new-york-giants-roster/169662/fantasy-football-2026-final-rb-rankings-and-tiers,verified_article_table,
Derrick Henry,RB,David Hartman / Big Blue View,2,TIER II - Solid RB1s,Half-PPR,2026-09-02,https://www.bigblueview.com/new-york-giants-roster/169662/fantasy-football-2026-final-rb-rankings-and-tiers,verified_article_table,
Chase Brown,RB,David Hartman / Big Blue View,2,TIER II - Solid RB1s,Half-PPR,2026-09-02,https://www.bigblueview.com/new-york-giants-roster/169662/fantasy-football-2026-final-rb-rankings-and-tiers,verified_article_table,
Saquon Barkley,RB,David Hartman / Big Blue View,2,TIER II - Solid RB1s,Half-PPR,2026-09-02,https://www.bigblueview.com/new-york-giants-roster/169662/fantasy-football-2026-final-rb-rankings-and-tiers,verified_article_table,
De'Von Achane,RB,David Hartman / Big Blue View,2,TIER II - Solid RB1s,Half-PPR,2026-09-02,https://www.bigblueview.com/new-york-giants-roster/169662/fantasy-football-2026-final-rb-rankings-and-tiers,verified_article_table,
Kenneth Walker III,RB,David Hartman / Big Blue View,2,TIER II - Solid RB1s,Half-PPR,2026-09-02,https://www.bigblueview.com/new-york-giants-roster/169662/fantasy-football-2026-final-rb-rankings-and-tiers,verified_article_table,
Omarion Hampton,RB,David Hartman / Big Blue View,2,TIER II - Solid RB1s,Half-PPR,2026-09-02,https://www.bigblueview.com/new-york-giants-roster/169662/fantasy-football-2026-final-rb-rankings-and-tiers,verified_article_table,
Ashton Jeanty,RB,David Hartman / Big Blue View,3,TIER III - Borderline RB1s,Half-PPR,2026-09-02,https://www.bigblueview.com/new-york-giants-roster/169662/fantasy-football-2026-final-rb-rankings-and-tiers,verified_article_table,
Javonte Williams,RB,David Hartman / Big Blue View,3,TIER III - Borderline RB1s,Half-PPR,2026-09-02,https://www.bigblueview.com/new-york-giants-roster/169662/fantasy-football-2026-final-rb-rankings-and-tiers,verified_article_table,
Kyren Williams,RB,David Hartman / Big Blue View,3,TIER III - Borderline RB1s,Half-PPR,2026-09-02,https://www.bigblueview.com/new-york-giants-roster/169662/fantasy-football-2026-final-rb-rankings-and-tiers,verified_article_table,
Breece Hall,RB,David Hartman / Big Blue View,3,TIER III - Borderline RB1s,Half-PPR,2026-09-02,https://www.bigblueview.com/new-york-giants-roster/169662/fantasy-football-2026-final-rb-rankings-and-tiers,verified_article_table,
Travis Etienne Jr.,RB,David Hartman / Big Blue View,3,TIER III - Borderline RB1s,Half-PPR,2026-09-02,https://www.bigblueview.com/new-york-giants-roster/169662/fantasy-football-2026-final-rb-rankings-and-tiers,verified_article_table,
Jeremiyah Love,RB,David Hartman / Big Blue View,3,TIER III - Borderline RB1s,Half-PPR,2026-09-02,https://www.bigblueview.com/new-york-giants-roster/169662/fantasy-football-2026-final-rb-rankings-and-tiers,verified_article_table,
D'Andre Swift,RB,David Hartman / Big Blue View,3,TIER III - Borderline RB1s,Half-PPR,2026-09-02,https://www.bigblueview.com/new-york-giants-roster/169662/fantasy-football-2026-final-rb-rankings-and-tiers,verified_article_table,
Bucky Irving,RB,David Hartman / Big Blue View,4,TIER IV - RB2s,Half-PPR,2026-09-02,https://www.bigblueview.com/new-york-giants-roster/169662/fantasy-football-2026-final-rb-rankings-and-tiers,verified_article_table,
David Montgomery,RB,David Hartman / Big Blue View,4,TIER IV - RB2s,Half-PPR,2026-09-02,https://www.bigblueview.com/new-york-giants-roster/169662/fantasy-football-2026-final-rb-rankings-and-tiers,verified_article_table,
Cam Skattebo,RB,David Hartman / Big Blue View,4,TIER IV - RB2s,Half-PPR,2026-09-02,https://www.bigblueview.com/new-york-giants-roster/169662/fantasy-football-2026-final-rb-rankings-and-tiers,verified_article_table,
Quinshon Judkins,RB,David Hartman / Big Blue View,4,TIER IV - RB2s,Half-PPR,2026-09-02,https://www.bigblueview.com/new-york-giants-roster/169662/fantasy-football-2026-final-rb-rankings-and-tiers,verified_article_table,
Bhayshul Tuten,RB,David Hartman / Big Blue View,4,TIER IV - RB2s,Half-PPR,2026-09-02,https://www.bigblueview.com/new-york-giants-roster/169662/fantasy-football-2026-final-rb-rankings-and-tiers,verified_article_table,
Jadarian Price,RB,David Hartman / Big Blue View,4,TIER IV - RB2s,Half-PPR,2026-09-02,https://www.bigblueview.com/new-york-giants-roster/169662/fantasy-football-2026-final-rb-rankings-and-tiers,verified_article_table,
MarShawn Lloyd,RB,David Hartman / Big Blue View,4,TIER IV - RB2s,Half-PPR,2026-09-02,https://www.bigblueview.com/new-york-giants-roster/169662/fantasy-football-2026-final-rb-rankings-and-tiers,verified_article_table,
Rhamondre Stevenson,RB,David Hartman / Big Blue View,4,TIER IV - RB2s,Half-PPR,2026-09-02,https://www.bigblueview.com/new-york-giants-roster/169662/fantasy-football-2026-final-rb-rankings-and-tiers,verified_article_table,
TreVeyon Henderson,RB,David Hartman / Big Blue View,4,TIER IV - RB2s,Half-PPR,2026-09-02,https://www.bigblueview.com/new-york-giants-roster/169662/fantasy-football-2026-final-rb-rankings-and-tiers,verified_article_table,
Jaylen Warren,RB,David Hartman / Big Blue View,5,TIER V - The share guys,Half-PPR,2026-09-02,https://www.bigblueview.com/new-york-giants-roster/169662/fantasy-football-2026-final-rb-rankings-and-tiers,verified_article_table,
Jonathon Brooks,RB,David Hartman / Big Blue View,5,TIER V - The share guys,Half-PPR,2026-09-02,https://www.bigblueview.com/new-york-giants-roster/169662/fantasy-football-2026-final-rb-rankings-and-tiers,verified_article_table,
Tony Pollard,RB,David Hartman / Big Blue View,5,TIER V - The share guys,Half-PPR,2026-09-02,https://www.bigblueview.com/new-york-giants-roster/169662/fantasy-football-2026-final-rb-rankings-and-tiers,verified_article_table,
Blake Corum,RB,David Hartman / Big Blue View,5,TIER V - The share guys,Half-PPR,2026-09-02,https://www.bigblueview.com/new-york-giants-roster/169662/fantasy-football-2026-final-rb-rankings-and-tiers,verified_article_table,
Rico Dowdle,RB,David Hartman / Big Blue View,5,TIER V - The share guys,Half-PPR,2026-09-02,https://www.bigblueview.com/new-york-giants-roster/169662/fantasy-football-2026-final-rb-rankings-and-tiers,verified_article_table,
Chuba Hubbard,RB,David Hartman / Big Blue View,5,TIER V - The share guys,Half-PPR,2026-09-02,https://www.bigblueview.com/new-york-giants-roster/169662/fantasy-football-2026-final-rb-rankings-and-tiers,verified_article_table,
Jordan Mason,RB,David Hartman / Big Blue View,5,TIER V - The share guys,Half-PPR,2026-09-02,https://www.bigblueview.com/new-york-giants-roster/169662/fantasy-football-2026-final-rb-rankings-and-tiers,verified_article_table,
J.K. Dobbins,RB,David Hartman / Big Blue View,5,TIER V - The share guys,Half-PPR,2026-09-02,https://www.bigblueview.com/new-york-giants-roster/169662/fantasy-football-2026-final-rb-rankings-and-tiers,verified_article_table,
RJ Harvey,RB,David Hartman / Big Blue View,5,TIER V - The share guys,Half-PPR,2026-09-02,https://www.bigblueview.com/new-york-giants-roster/169662/fantasy-football-2026-final-rb-rankings-and-tiers,verified_article_table,
Kenny Gainwell,RB,David Hartman / Big Blue View,5,TIER V - The share guys,Half-PPR,2026-09-02,https://www.bigblueview.com/new-york-giants-roster/169662/fantasy-football-2026-final-rb-rankings-and-tiers,verified_article_table,
Jacory Croskey-Merritt,RB,David Hartman / Big Blue View,5,TIER V - The share guys,Half-PPR,2026-09-02,https://www.bigblueview.com/new-york-giants-roster/169662/fantasy-football-2026-final-rb-rankings-and-tiers,verified_article_table,
Kyle Monangai,RB,David Hartman / Big Blue View,5,TIER V - The share guys,Half-PPR,2026-09-02,https://www.bigblueview.com/new-york-giants-roster/169662/fantasy-football-2026-final-rb-rankings-and-tiers,verified_article_table,
Rachaad White,RB,David Hartman / Big Blue View,5,TIER V - The share guys,Half-PPR,2026-09-02,https://www.bigblueview.com/new-york-giants-roster/169662/fantasy-football-2026-final-rb-rankings-and-tiers,verified_article_table,
Aaron Jones Sr.,RB,David Hartman / Big Blue View,5,TIER V - The share guys,Half-PPR,2026-09-02,https://www.bigblueview.com/new-york-giants-roster/169662/fantasy-football-2026-final-rb-rankings-and-tiers,verified_article_table,
Chris Rodriguez Jr.,RB,David Hartman / Big Blue View,5,TIER V - The share guys,Half-PPR,2026-09-02,https://www.bigblueview.com/new-york-giants-roster/169662/fantasy-football-2026-final-rb-rankings-and-tiers,verified_article_table,
Tyler Allgeier,RB,David Hartman / Big Blue View,6,TIER VI - Depth and handcuffs,Half-PPR,2026-09-02,https://www.bigblueview.com/new-york-giants-roster/169662/fantasy-football-2026-final-rb-rankings-and-tiers,verified_article_table,
Woody Marks,RB,David Hartman / Big Blue View,6,TIER VI - Depth and handcuffs,Half-PPR,2026-09-02,https://www.bigblueview.com/new-york-giants-roster/169662/fantasy-football-2026-final-rb-rankings-and-tiers,verified_article_table,
Keaton Mitchell,RB,David Hartman / Big Blue View,6,TIER VI - Depth and handcuffs,Half-PPR,2026-09-02,https://www.bigblueview.com/new-york-giants-roster/169662/fantasy-football-2026-final-rb-rankings-and-tiers,verified_article_table,
Tyjae Spears,RB,David Hartman / Big Blue View,6,TIER VI - Depth and handcuffs,Half-PPR,2026-09-02,https://www.bigblueview.com/new-york-giants-roster/169662/fantasy-football-2026-final-rb-rankings-and-tiers,verified_article_table,
Mike Washington Jr.,RB,David Hartman / Big Blue View,6,TIER VI - Depth and handcuffs,Half-PPR,2026-09-02,https://www.bigblueview.com/new-york-giants-roster/169662/fantasy-football-2026-final-rb-rankings-and-tiers,verified_article_table,
Tank Bigsby,RB,David Hartman / Big Blue View,6,TIER VI - Depth and handcuffs,Half-PPR,2026-09-02,https://www.bigblueview.com/new-york-giants-roster/169662/fantasy-football-2026-final-rb-rankings-and-tiers,verified_article_table,
Josh Jacobs,RB,David Hartman / Big Blue View,6,TIER VI - Depth and handcuffs,Half-PPR,2026-09-02,https://www.bigblueview.com/new-york-giants-roster/169662/fantasy-football-2026-final-rb-rankings-and-tiers,verified_article_table,
Jonah Coleman,RB,David Hartman / Big Blue View,6,TIER VI - Depth and handcuffs,Half-PPR,2026-09-02,https://www.bigblueview.com/new-york-giants-roster/169662/fantasy-football-2026-final-rb-rankings-and-tiers,verified_article_table,
Zach Charbonnet,RB,David Hartman / Big Blue View,6,TIER VI - Depth and handcuffs,Half-PPR,2026-09-02,https://www.bigblueview.com/new-york-giants-roster/169662/fantasy-football-2026-final-rb-rankings-and-tiers,verified_article_table,
Braelon Allen,RB,David Hartman / Big Blue View,6,TIER VI - Depth and handcuffs,Half-PPR,2026-09-02,https://www.bigblueview.com/new-york-giants-roster/169662/fantasy-football-2026-final-rb-rankings-and-tiers,verified_article_table,
Ray Davis,RB,David Hartman / Big Blue View,6,TIER VI - Depth and handcuffs,Half-PPR,2026-09-02,https://www.bigblueview.com/new-york-giants-roster/169662/fantasy-football-2026-final-rb-rankings-and-tiers,verified_article_table,
Brian Robinson Jr.,RB,David Hartman / Big Blue View,6,TIER VI - Depth and handcuffs,Half-PPR,2026-09-02,https://www.bigblueview.com/new-york-giants-roster/169662/fantasy-football-2026-final-rb-rankings-and-tiers,verified_article_table,
Dylan Sampson,RB,David Hartman / Big Blue View,6,TIER VI - Depth and handcuffs,Half-PPR,2026-09-02,https://www.bigblueview.com/new-york-giants-roster/169662/fantasy-football-2026-final-rb-rankings-and-tiers,verified_article_table,
Tyrone Tracy Jr.,RB,David Hartman / Big Blue View,6,TIER VI - Depth and handcuffs,Half-PPR,2026-09-02,https://www.bigblueview.com/new-york-giants-roster/169662/fantasy-football-2026-final-rb-rankings-and-tiers,verified_article_table,
Isiah Pacheco,RB,David Hartman / Big Blue View,6,TIER VI - Depth and handcuffs,Half-PPR,2026-09-02,https://www.bigblueview.com/new-york-giants-roster/169662/fantasy-football-2026-final-rb-rankings-and-tiers,verified_article_table,
Alvin Kamara,RB,David Hartman / Big Blue View,6,TIER VI - Depth and handcuffs,Half-PPR,2026-09-02,https://www.bigblueview.com/new-york-giants-roster/169662/fantasy-football-2026-final-rb-rankings-and-tiers,verified_article_table,
Malik Davis,RB,David Hartman / Big Blue View,6,TIER VI - Depth and handcuffs,Half-PPR,2026-09-02,https://www.bigblueview.com/new-york-giants-roster/169662/fantasy-football-2026-final-rb-rankings-and-tiers,verified_article_table,
Emmett Johnson,RB,David Hartman / Big Blue View,6,TIER VI - Depth and handcuffs,Half-PPR,2026-09-02,https://www.bigblueview.com/new-york-giants-roster/169662/fantasy-football-2026-final-rb-rankings-and-tiers,verified_article_table,
Nicholas Singleton,RB,David Hartman / Big Blue View,6,TIER VI - Depth and handcuffs,Half-PPR,2026-09-02,https://www.bigblueview.com/new-york-giants-roster/169662/fantasy-football-2026-final-rb-rankings-and-tiers,verified_article_table,
Emanuel Wilson,RB,David Hartman / Big Blue View,6,TIER VI - Depth and handcuffs,Half-PPR,2026-09-02,https://www.bigblueview.com/new-york-giants-roster/169662/fantasy-football-2026-final-rb-rankings-and-tiers,verified_article_table,
George Holani,RB,David Hartman / Big Blue View,6,TIER VI - Depth and handcuffs,Half-PPR,2026-09-02,https://www.bigblueview.com/new-york-giants-roster/169662/fantasy-football-2026-final-rb-rankings-and-tiers,verified_article_table,
Sean Tucker,RB,David Hartman / Big Blue View,6,TIER VI - Depth and handcuffs,Half-PPR,2026-09-02,https://www.bigblueview.com/new-york-giants-roster/169662/fantasy-football-2026-final-rb-rankings-and-tiers,verified_article_table,
Kimani Vidal,RB,David Hartman / Big Blue View,6,TIER VI - Depth and handcuffs,Half-PPR,2026-09-02,https://www.bigblueview.com/new-york-giants-roster/169662/fantasy-football-2026-final-rb-rankings-and-tiers,verified_article_table,
Kaelon Black,RB,David Hartman / Big Blue View,6,TIER VI - Depth and handcuffs,Half-PPR,2026-09-02,https://www.bigblueview.com/new-york-giants-roster/169662/fantasy-football-2026-final-rb-rankings-and-tiers,verified_article_table,
Kaytron Allen,RB,David Hartman / Big Blue View,6,TIER VI - Depth and handcuffs,Half-PPR,2026-09-02,https://www.bigblueview.com/new-york-giants-roster/169662/fantasy-football-2026-final-rb-rankings-and-tiers,verified_article_table,
Ja'Marr Chase,WR,David Hartman / Big Blue View,1,TIER I - The First-Round Picks,Half-PPR,2026-09-03,https://www.bigblueview.com/new-york-giants-roster/169809/fantasy-football-2026-final-wr-rankings-and-tiers,verified_article_table,
Puka Nacua,WR,David Hartman / Big Blue View,1,TIER I - The First-Round Picks,Half-PPR,2026-09-03,https://www.bigblueview.com/new-york-giants-roster/169809/fantasy-football-2026-final-wr-rankings-and-tiers,verified_article_table,
Amon-Ra St. Brown,WR,David Hartman / Big Blue View,1,TIER I - The First-Round Picks,Half-PPR,2026-09-03,https://www.bigblueview.com/new-york-giants-roster/169809/fantasy-football-2026-final-wr-rankings-and-tiers,verified_article_table,
Jaxon Smith-Njigba,WR,David Hartman / Big Blue View,1,TIER I - The First-Round Picks,Half-PPR,2026-09-03,https://www.bigblueview.com/new-york-giants-roster/169809/fantasy-football-2026-final-wr-rankings-and-tiers,verified_article_table,
CeeDee Lamb,WR,David Hartman / Big Blue View,2,TIER II - Solid WR1s,Half-PPR,2026-09-03,https://www.bigblueview.com/new-york-giants-roster/169809/fantasy-football-2026-final-wr-rankings-and-tiers,verified_article_table,
Justin Jefferson,WR,David Hartman / Big Blue View,2,TIER II - Solid WR1s,Half-PPR,2026-09-03,https://www.bigblueview.com/new-york-giants-roster/169809/fantasy-football-2026-final-wr-rankings-and-tiers,verified_article_table,
A.J. Brown,WR,David Hartman / Big Blue View,2,TIER II - Solid WR1s,Half-PPR,2026-09-03,https://www.bigblueview.com/new-york-giants-roster/169809/fantasy-football-2026-final-wr-rankings-and-tiers,verified_article_table,
George Pickens,WR,David Hartman / Big Blue View,2,TIER II - Solid WR1s,Half-PPR,2026-09-03,https://www.bigblueview.com/new-york-giants-roster/169809/fantasy-football-2026-final-wr-rankings-and-tiers,verified_article_table,
Nico Collins,WR,David Hartman / Big Blue View,2,TIER II - Solid WR1s,Half-PPR,2026-09-03,https://www.bigblueview.com/new-york-giants-roster/169809/fantasy-football-2026-final-wr-rankings-and-tiers,verified_article_table,
Chris Olave,WR,David Hartman / Big Blue View,2,TIER II - Solid WR1s,Half-PPR,2026-09-03,https://www.bigblueview.com/new-york-giants-roster/169809/fantasy-football-2026-final-wr-rankings-and-tiers,verified_article_table,
Malik Nabers,WR,David Hartman / Big Blue View,2,TIER II - Solid WR1s,Half-PPR,2026-09-03,https://www.bigblueview.com/new-york-giants-roster/169809/fantasy-football-2026-final-wr-rankings-and-tiers,verified_article_table,
Drake London,WR,David Hartman / Big Blue View,2,TIER II - Solid WR1s,Half-PPR,2026-09-03,https://www.bigblueview.com/new-york-giants-roster/169809/fantasy-football-2026-final-wr-rankings-and-tiers,verified_article_table,
Rashee Rice,WR,David Hartman / Big Blue View,2,TIER II - Solid WR1s,Half-PPR,2026-09-03,https://www.bigblueview.com/new-york-giants-roster/169809/fantasy-football-2026-final-wr-rankings-and-tiers,verified_article_table,
Tee Higgins,WR,David Hartman / Big Blue View,3,TIER III - Borderline WR1s/2s,Half-PPR,2026-09-03,https://www.bigblueview.com/new-york-giants-roster/169809/fantasy-football-2026-final-wr-rankings-and-tiers,verified_article_table,
DeVonta Smith,WR,David Hartman / Big Blue View,3,TIER III - Borderline WR1s/2s,Half-PPR,2026-09-03,https://www.bigblueview.com/new-york-giants-roster/169809/fantasy-football-2026-final-wr-rankings-and-tiers,verified_article_table,
Jaylen Waddle,WR,David Hartman / Big Blue View,3,TIER III - Borderline WR1s/2s,Half-PPR,2026-09-03,https://www.bigblueview.com/new-york-giants-roster/169809/fantasy-football-2026-final-wr-rankings-and-tiers,verified_article_table,
Ladd McConkey,WR,David Hartman / Big Blue View,3,TIER III - Borderline WR1s/2s,Half-PPR,2026-09-03,https://www.bigblueview.com/new-york-giants-roster/169809/fantasy-football-2026-final-wr-rankings-and-tiers,verified_article_table,
Garrett Wilson,WR,David Hartman / Big Blue View,3,TIER III - Borderline WR1s/2s,Half-PPR,2026-09-03,https://www.bigblueview.com/new-york-giants-roster/169809/fantasy-football-2026-final-wr-rankings-and-tiers,verified_article_table,
Zay Flowers,WR,David Hartman / Big Blue View,3,TIER III - Borderline WR1s/2s,Half-PPR,2026-09-03,https://www.bigblueview.com/new-york-giants-roster/169809/fantasy-football-2026-final-wr-rankings-and-tiers,verified_article_table,
Emeka Egbuka,WR,David Hartman / Big Blue View,3,TIER III - Borderline WR1s/2s,Half-PPR,2026-09-03,https://www.bigblueview.com/new-york-giants-roster/169809/fantasy-football-2026-final-wr-rankings-and-tiers,verified_article_table,
Terry McLaurin,WR,David Hartman / Big Blue View,3,TIER III - Borderline WR1s/2s,Half-PPR,2026-09-03,https://www.bigblueview.com/new-york-giants-roster/169809/fantasy-football-2026-final-wr-rankings-and-tiers,verified_article_table,
Tetairoa McMillan,WR,David Hartman / Big Blue View,3,TIER III - Borderline WR1s/2s,Half-PPR,2026-09-03,https://www.bigblueview.com/new-york-giants-roster/169809/fantasy-football-2026-final-wr-rankings-and-tiers,verified_article_table,
Luther Burden III,WR,David Hartman / Big Blue View,3,TIER III - Borderline WR1s/2s,Half-PPR,2026-09-03,https://www.bigblueview.com/new-york-giants-roster/169809/fantasy-football-2026-final-wr-rankings-and-tiers,verified_article_table,
Christian Watson,WR,David Hartman / Big Blue View,3,TIER III - Borderline WR1s/2s,Half-PPR,2026-09-03,https://www.bigblueview.com/new-york-giants-roster/169809/fantasy-football-2026-final-wr-rankings-and-tiers,verified_article_table,
Davante Adams,WR,David Hartman / Big Blue View,3,TIER III - Borderline WR1s/2s,Half-PPR,2026-09-03,https://www.bigblueview.com/new-york-giants-roster/169809/fantasy-football-2026-final-wr-rankings-and-tiers,verified_article_table,
Mike Evans,WR,David Hartman / Big Blue View,3,TIER III - Borderline WR1s/2s,Half-PPR,2026-09-03,https://www.bigblueview.com/new-york-giants-roster/169809/fantasy-football-2026-final-wr-rankings-and-tiers,verified_article_table,
DJ Moore,WR,David Hartman / Big Blue View,4,TIER IV - WR2s,Half-PPR,2026-09-03,https://www.bigblueview.com/new-york-giants-roster/169809/fantasy-football-2026-final-wr-rankings-and-tiers,verified_article_table,
Jameson Williams,WR,David Hartman / Big Blue View,4,TIER IV - WR2s,Half-PPR,2026-09-03,https://www.bigblueview.com/new-york-giants-roster/169809/fantasy-football-2026-final-wr-rankings-and-tiers,verified_article_table,
Rome Odunze,WR,David Hartman / Big Blue View,4,TIER IV - WR2s,Half-PPR,2026-09-03,https://www.bigblueview.com/new-york-giants-roster/169809/fantasy-football-2026-final-wr-rankings-and-tiers,verified_article_table,
Brian Thomas Jr.,WR,David Hartman / Big Blue View,4,TIER IV - WR2s,Half-PPR,2026-09-03,https://www.bigblueview.com/new-york-giants-roster/169809/fantasy-football-2026-final-wr-rankings-and-tiers,verified_article_table,
Marvin Harrison Jr.,WR,David Hartman / Big Blue View,4,TIER IV - WR2s,Half-PPR,2026-09-03,https://www.bigblueview.com/new-york-giants-roster/169809/fantasy-football-2026-final-wr-rankings-and-tiers,verified_article_table,
Parker Washington,WR,David Hartman / Big Blue View,4,TIER IV - WR2s,Half-PPR,2026-09-03,https://www.bigblueview.com/new-york-giants-roster/169809/fantasy-football-2026-final-wr-rankings-and-tiers,verified_article_table,
Chris Godwin Jr.,WR,David Hartman / Big Blue View,4,TIER IV - WR2s,Half-PPR,2026-09-03,https://www.bigblueview.com/new-york-giants-roster/169809/fantasy-football-2026-final-wr-rankings-and-tiers,verified_article_table,
Courtland Sutton,WR,David Hartman / Big Blue View,4,TIER IV - WR2s,Half-PPR,2026-09-03,https://www.bigblueview.com/new-york-giants-roster/169809/fantasy-football-2026-final-wr-rankings-and-tiers,verified_article_table,
Quentin Johnston,WR,David Hartman / Big Blue View,4,TIER IV - WR2s,Half-PPR,2026-09-03,https://www.bigblueview.com/new-york-giants-roster/169809/fantasy-football-2026-final-wr-rankings-and-tiers,verified_article_table,
Michael Pittman Jr.,WR,David Hartman / Big Blue View,4,TIER IV - WR2s,Half-PPR,2026-09-03,https://www.bigblueview.com/new-york-giants-roster/169809/fantasy-football-2026-final-wr-rankings-and-tiers,verified_article_table,
Michael Wilson,WR,David Hartman / Big Blue View,4,TIER IV - WR2s,Half-PPR,2026-09-03,https://www.bigblueview.com/new-york-giants-roster/169809/fantasy-football-2026-final-wr-rankings-and-tiers,verified_article_table,
DK Metcalf,WR,David Hartman / Big Blue View,4,TIER IV - WR2s,Half-PPR,2026-09-03,https://www.bigblueview.com/new-york-giants-roster/169809/fantasy-football-2026-final-wr-rankings-and-tiers,verified_article_table,
Jayden Reed,WR,David Hartman / Big Blue View,5,TIER V - WR3/Flex plays,Half-PPR,2026-09-03,https://www.bigblueview.com/new-york-giants-roster/169809/fantasy-football-2026-final-wr-rankings-and-tiers,verified_article_table,
Khalil Shakir,WR,David Hartman / Big Blue View,5,TIER V - WR3/Flex plays,Half-PPR,2026-09-03,https://www.bigblueview.com/new-york-giants-roster/169809/fantasy-football-2026-final-wr-rankings-and-tiers,verified_article_table,
Carnell Tate,WR,David Hartman / Big Blue View,5,TIER V - WR3/Flex plays,Half-PPR,2026-09-03,https://www.bigblueview.com/new-york-giants-roster/169809/fantasy-football-2026-final-wr-rankings-and-tiers,verified_article_table,
Alec Pierce,WR,David Hartman / Big Blue View,5,TIER V - WR3/Flex plays,Half-PPR,2026-09-03,https://www.bigblueview.com/new-york-giants-roster/169809/fantasy-football-2026-final-wr-rankings-and-tiers,verified_article_table,
Jordan Addison,WR,David Hartman / Big Blue View,5,TIER V - WR3/Flex plays,Half-PPR,2026-09-03,https://www.bigblueview.com/new-york-giants-roster/169809/fantasy-football-2026-final-wr-rankings-and-tiers,verified_article_table,
Josh Downs,WR,David Hartman / Big Blue View,5,TIER V - WR3/Flex plays,Half-PPR,2026-09-03,https://www.bigblueview.com/new-york-giants-roster/169809/fantasy-football-2026-final-wr-rankings-and-tiers,verified_article_table,
Wan'Dale Robinson,WR,David Hartman / Big Blue View,5,TIER V - WR3/Flex plays,Half-PPR,2026-09-03,https://www.bigblueview.com/new-york-giants-roster/169809/fantasy-football-2026-final-wr-rankings-and-tiers,verified_article_table,
De'Zhaun Stribling,WR,David Hartman / Big Blue View,5,TIER V - WR3/Flex plays,Half-PPR,2026-09-03,https://www.bigblueview.com/new-york-giants-roster/169809/fantasy-football-2026-final-wr-rankings-and-tiers,verified_article_table,
Makai Lemon,WR,David Hartman / Big Blue View,5,TIER V - WR3/Flex plays,Half-PPR,2026-09-03,https://www.bigblueview.com/new-york-giants-roster/169809/fantasy-football-2026-final-wr-rankings-and-tiers,verified_article_table,
Stefon Diggs,WR,David Hartman / Big Blue View,5,TIER V - WR3/Flex plays,Half-PPR,2026-09-03,https://www.bigblueview.com/new-york-giants-roster/169809/fantasy-football-2026-final-wr-rankings-and-tiers,verified_article_table,
Xavier Worthy,WR,David Hartman / Big Blue View,5,TIER V - WR3/Flex plays,Half-PPR,2026-09-03,https://www.bigblueview.com/new-york-giants-roster/169809/fantasy-football-2026-final-wr-rankings-and-tiers,verified_article_table,
Romeo Doubs,WR,David Hartman / Big Blue View,5,TIER V - WR3/Flex plays,Half-PPR,2026-09-03,https://www.bigblueview.com/new-york-giants-roster/169809/fantasy-football-2026-final-wr-rankings-and-tiers,verified_article_table,
Matthew Golden,WR,David Hartman / Big Blue View,5,TIER V - WR3/Flex plays,Half-PPR,2026-09-03,https://www.bigblueview.com/new-york-giants-roster/169809/fantasy-football-2026-final-wr-rankings-and-tiers,verified_article_table,
KC Concepcion,WR,David Hartman / Big Blue View,6,TIER VI - More WR3s/4s,Half-PPR,2026-09-03,https://www.bigblueview.com/new-york-giants-roster/169809/fantasy-football-2026-final-wr-rankings-and-tiers,verified_article_table,
Jakobi Meyers,WR,David Hartman / Big Blue View,6,TIER VI - More WR3s/4s,Half-PPR,2026-09-03,https://www.bigblueview.com/new-york-giants-roster/169809/fantasy-football-2026-final-wr-rankings-and-tiers,verified_article_table,
Jalen Coker,WR,David Hartman / Big Blue View,6,TIER VI - More WR3s/4s,Half-PPR,2026-09-03,https://www.bigblueview.com/new-york-giants-roster/169809/fantasy-football-2026-final-wr-rankings-and-tiers,verified_article_table,
Rashid Shaheed,WR,David Hartman / Big Blue View,6,TIER VI - More WR3s/4s,Half-PPR,2026-09-03,https://www.bigblueview.com/new-york-giants-roster/169809/fantasy-football-2026-final-wr-rankings-and-tiers,verified_article_table,
Tre Tucker,WR,David Hartman / Big Blue View,6,TIER VI - More WR3s/4s,Half-PPR,2026-09-03,https://www.bigblueview.com/new-york-giants-roster/169809/fantasy-football-2026-final-wr-rankings-and-tiers,verified_article_table,
Adonai Mitchell,WR,David Hartman / Big Blue View,6,TIER VI - More WR3s/4s,Half-PPR,2026-09-03,https://www.bigblueview.com/new-york-giants-roster/169809/fantasy-football-2026-final-wr-rankings-and-tiers,verified_article_table,
Deebo Samuel Sr.,WR,David Hartman / Big Blue View,6,TIER VI - More WR3s/4s,Half-PPR,2026-09-03,https://www.bigblueview.com/new-york-giants-roster/169809/fantasy-football-2026-final-wr-rankings-and-tiers,verified_article_table,
Jordyn Tyson,WR,David Hartman / Big Blue View,6,TIER VI - More WR3s/4s,Half-PPR,2026-09-03,https://www.bigblueview.com/new-york-giants-roster/169809/fantasy-football-2026-final-wr-rankings-and-tiers,verified_article_table,
Kayshon Boutte,WR,David Hartman / Big Blue View,6,TIER VI - More WR3s/4s,Half-PPR,2026-09-03,https://www.bigblueview.com/new-york-giants-roster/169809/fantasy-football-2026-final-wr-rankings-and-tiers,verified_article_table,
Denzel Boston,WR,David Hartman / Big Blue View,6,TIER VI - More WR3s/4s,Half-PPR,2026-09-03,https://www.bigblueview.com/new-york-giants-roster/169809/fantasy-football-2026-final-wr-rankings-and-tiers,verified_article_table,
Jalen McMillan,WR,David Hartman / Big Blue View,6,TIER VI - More WR3s/4s,Half-PPR,2026-09-03,https://www.bigblueview.com/new-york-giants-roster/169809/fantasy-football-2026-final-wr-rankings-and-tiers,verified_article_table,
Ryan Flournoy,WR,David Hartman / Big Blue View,6,TIER VI - More WR3s/4s,Half-PPR,2026-09-03,https://www.bigblueview.com/new-york-giants-roster/169809/fantasy-football-2026-final-wr-rankings-and-tiers,verified_article_table,
Tre' Harris,WR,David Hartman / Big Blue View,6,TIER VI - More WR3s/4s,Half-PPR,2026-09-03,https://www.bigblueview.com/new-york-giants-roster/169809/fantasy-football-2026-final-wr-rankings-and-tiers,verified_article_table,
Pat Bryant,WR,David Hartman / Big Blue View,7,TIER VII - WR Depth,Half-PPR,2026-09-03,https://www.bigblueview.com/new-york-giants-roster/169809/fantasy-football-2026-final-wr-rankings-and-tiers,verified_article_table,
Keenan Allen,WR,David Hartman / Big Blue View,7,TIER VII - WR Depth,Half-PPR,2026-09-03,https://www.bigblueview.com/new-york-giants-roster/169809/fantasy-football-2026-final-wr-rankings-and-tiers,verified_article_table,
Malik Washington,WR,David Hartman / Big Blue View,7,TIER VII - WR Depth,Half-PPR,2026-09-03,https://www.bigblueview.com/new-york-giants-roster/169809/fantasy-football-2026-final-wr-rankings-and-tiers,verified_article_table,
Dontayvion Wicks,WR,David Hartman / Big Blue View,7,TIER VII - WR Depth,Half-PPR,2026-09-03,https://www.bigblueview.com/new-york-giants-roster/169809/fantasy-football-2026-final-wr-rankings-and-tiers,verified_article_table,
Jerry Jeudy,WR,David Hartman / Big Blue View,7,TIER VII - WR Depth,Half-PPR,2026-09-03,https://www.bigblueview.com/new-york-giants-roster/169809/fantasy-football-2026-final-wr-rankings-and-tiers,verified_article_table,
Jalen Nailor,WR,David Hartman / Big Blue View,7,TIER VII - WR Depth,Half-PPR,2026-09-03,https://www.bigblueview.com/new-york-giants-roster/169809/fantasy-football-2026-final-wr-rankings-and-tiers,verified_article_table,
Jauan Jennings,WR,David Hartman / Big Blue View,7,TIER VII - WR Depth,Half-PPR,2026-09-03,https://www.bigblueview.com/new-york-giants-roster/169809/fantasy-football-2026-final-wr-rankings-and-tiers,verified_article_table,
Omar Cooper Jr.,WR,David Hartman / Big Blue View,7,TIER VII - WR Depth,Half-PPR,2026-09-03,https://www.bigblueview.com/new-york-giants-roster/169809/fantasy-football-2026-final-wr-rankings-and-tiers,verified_article_table,
Calvin Ridley,WR,David Hartman / Big Blue View,7,TIER VII - WR Depth,Half-PPR,2026-09-03,https://www.bigblueview.com/new-york-giants-roster/169809/fantasy-football-2026-final-wr-rankings-and-tiers,verified_article_table,
Rashod Bateman,WR,David Hartman / Big Blue View,7,TIER VII - WR Depth,Half-PPR,2026-09-03,https://www.bigblueview.com/new-york-giants-roster/169809/fantasy-football-2026-final-wr-rankings-and-tiers,verified_article_table,
Zachariah Branch,WR,David Hartman / Big Blue View,7,TIER VII - WR Depth,Half-PPR,2026-09-03,https://www.bigblueview.com/new-york-giants-roster/169809/fantasy-football-2026-final-wr-rankings-and-tiers,verified_article_table,
Darnell Mooney,WR,David Hartman / Big Blue View,7,TIER VII - WR Depth,Half-PPR,2026-09-03,https://www.bigblueview.com/new-york-giants-roster/169809/fantasy-football-2026-final-wr-rankings-and-tiers,verified_article_table,
Jaylin Noel,WR,David Hartman / Big Blue View,7,TIER VII - WR Depth,Half-PPR,2026-09-03,https://www.bigblueview.com/new-york-giants-roster/169809/fantasy-football-2026-final-wr-rankings-and-tiers,verified_article_table,
Travis Hunter,WR,David Hartman / Big Blue View,7,TIER VII - WR Depth,Half-PPR,2026-09-03,https://www.bigblueview.com/new-york-giants-roster/169809/fantasy-football-2026-final-wr-rankings-and-tiers,verified_article_table,
Ja'Kobi Lane,WR,David Hartman / Big Blue View,7,TIER VII - WR Depth,Half-PPR,2026-09-03,https://www.bigblueview.com/new-york-giants-roster/169809/fantasy-football-2026-final-wr-rankings-and-tiers,verified_article_table,
Devaughn Vele,WR,David Hartman / Big Blue View,7,TIER VII - WR Depth,Half-PPR,2026-09-03,https://www.bigblueview.com/new-york-giants-roster/169809/fantasy-football-2026-final-wr-rankings-and-tiers,verified_article_table,
Brock Bowers,TE,David Hartman / Big Blue View,1,Tier I - The Elite,Half-PPR,2026-09-01,https://www.bigblueview.com/new-york-giants-roster/169430/fantasy-football-26-final-tight-end-rankings-and-tiers,verified_article_table,
Trey McBride,TE,David Hartman / Big Blue View,1,Tier I - The Elite,Half-PPR,2026-09-01,https://www.bigblueview.com/new-york-giants-roster/169430/fantasy-football-26-final-tight-end-rankings-and-tiers,verified_article_table,
Colston Loveland,TE,David Hartman / Big Blue View,2,Tier II - The Second-Year Studs,Half-PPR,2026-09-01,https://www.bigblueview.com/new-york-giants-roster/169430/fantasy-football-26-final-tight-end-rankings-and-tiers,verified_article_table,
Tyler Warren,TE,David Hartman / Big Blue View,2,Tier II - The Second-Year Studs,Half-PPR,2026-09-01,https://www.bigblueview.com/new-york-giants-roster/169430/fantasy-football-26-final-tight-end-rankings-and-tiers,verified_article_table,
Tucker Kraft,TE,David Hartman / Big Blue View,3,Tier III - TE1s,Half-PPR,2026-09-01,https://www.bigblueview.com/new-york-giants-roster/169430/fantasy-football-26-final-tight-end-rankings-and-tiers,verified_article_table,
George Kittle,TE,David Hartman / Big Blue View,3,Tier III - TE1s,Half-PPR,2026-09-01,https://www.bigblueview.com/new-york-giants-roster/169430/fantasy-football-26-final-tight-end-rankings-and-tiers,verified_article_table,
Sam LaPorta,TE,David Hartman / Big Blue View,3,Tier III - TE1s,Half-PPR,2026-09-01,https://www.bigblueview.com/new-york-giants-roster/169430/fantasy-football-26-final-tight-end-rankings-and-tiers,verified_article_table,
Harold Fannin Jr.,TE,David Hartman / Big Blue View,3,Tier III - TE1s,Half-PPR,2026-09-01,https://www.bigblueview.com/new-york-giants-roster/169430/fantasy-football-26-final-tight-end-rankings-and-tiers,verified_article_table,
Kyle Pitts Sr.,TE,David Hartman / Big Blue View,3,Tier III - TE1s,Half-PPR,2026-09-01,https://www.bigblueview.com/new-york-giants-roster/169430/fantasy-football-26-final-tight-end-rankings-and-tiers,verified_article_table,
Travis Kelce,TE,David Hartman / Big Blue View,3,Tier III - TE1s,Half-PPR,2026-09-01,https://www.bigblueview.com/new-york-giants-roster/169430/fantasy-football-26-final-tight-end-rankings-and-tiers,verified_article_table,
Dalton Kincaid,TE,David Hartman / Big Blue View,4,Tier IV - The Upside Guys,Half-PPR,2026-09-01,https://www.bigblueview.com/new-york-giants-roster/169430/fantasy-football-26-final-tight-end-rankings-and-tiers,verified_article_table,
Jake Ferguson,TE,David Hartman / Big Blue View,4,Tier IV - The Upside Guys,Half-PPR,2026-09-01,https://www.bigblueview.com/new-york-giants-roster/169430/fantasy-football-26-final-tight-end-rankings-and-tiers,verified_article_table,
Juwan Johnson,TE,David Hartman / Big Blue View,4,Tier IV - The Upside Guys,Half-PPR,2026-09-01,https://www.bigblueview.com/new-york-giants-roster/169430/fantasy-football-26-final-tight-end-rankings-and-tiers,verified_article_table,
Mark Andrews,TE,David Hartman / Big Blue View,4,Tier IV - The Upside Guys,Half-PPR,2026-09-01,https://www.bigblueview.com/new-york-giants-roster/169430/fantasy-football-26-final-tight-end-rankings-and-tiers,verified_article_table,
Isaiah Likely,TE,David Hartman / Big Blue View,4,Tier IV - The Upside Guys,Half-PPR,2026-09-01,https://www.bigblueview.com/new-york-giants-roster/169430/fantasy-football-26-final-tight-end-rankings-and-tiers,verified_article_table,
Dallas Goedert,TE,David Hartman / Big Blue View,4,Tier IV - The Upside Guys,Half-PPR,2026-09-01,https://www.bigblueview.com/new-york-giants-roster/169430/fantasy-football-26-final-tight-end-rankings-and-tiers,verified_article_table,
Brenton Strange,TE,David Hartman / Big Blue View,5,"Tier IV - Sleepers, Part I",Half-PPR,2026-09-01,https://www.bigblueview.com/new-york-giants-roster/169430/fantasy-football-26-final-tight-end-rankings-and-tiers,verified_article_table,Normalized numeric tier=5 by sequential group order; the source repeats the heading 'Tier IV' for this group.
AJ Barner,TE,David Hartman / Big Blue View,5,"Tier IV - Sleepers, Part I",Half-PPR,2026-09-01,https://www.bigblueview.com/new-york-giants-roster/169430/fantasy-football-26-final-tight-end-rankings-and-tiers,verified_article_table,Normalized numeric tier=5 by sequential group order; the source repeats the heading 'Tier IV' for this group.
Dalton Schultz,TE,David Hartman / Big Blue View,5,"Tier IV - Sleepers, Part I",Half-PPR,2026-09-01,https://www.bigblueview.com/new-york-giants-roster/169430/fantasy-football-26-final-tight-end-rankings-and-tiers,verified_article_table,Normalized numeric tier=5 by sequential group order; the source repeats the heading 'Tier IV' for this group.
Terrance Ferguson,TE,David Hartman / Big Blue View,5,"Tier IV - Sleepers, Part I",Half-PPR,2026-09-01,https://www.bigblueview.com/new-york-giants-roster/169430/fantasy-football-26-final-tight-end-rankings-and-tiers,verified_article_table,Normalized numeric tier=5 by sequential group order; the source repeats the heading 'Tier IV' for this group.
Hunter Henry,TE,David Hartman / Big Blue View,5,"Tier IV - Sleepers, Part I",Half-PPR,2026-09-01,https://www.bigblueview.com/new-york-giants-roster/169430/fantasy-football-26-final-tight-end-rankings-and-tiers,verified_article_table,Normalized numeric tier=5 by sequential group order; the source repeats the heading 'Tier IV' for this group.
Chig Okonkwo,TE,David Hartman / Big Blue View,5,"Tier IV - Sleepers, Part I",Half-PPR,2026-09-01,https://www.bigblueview.com/new-york-giants-roster/169430/fantasy-football-26-final-tight-end-rankings-and-tiers,verified_article_table,Normalized numeric tier=5 by sequential group order; the source repeats the heading 'Tier IV' for this group.
T.J. Hockenson,TE,David Hartman / Big Blue View,5,"Tier IV - Sleepers, Part I",Half-PPR,2026-09-01,https://www.bigblueview.com/new-york-giants-roster/169430/fantasy-football-26-final-tight-end-rankings-and-tiers,verified_article_table,Normalized numeric tier=5 by sequential group order; the source repeats the heading 'Tier IV' for this group.
Oronde Gadsden II,TE,David Hartman / Big Blue View,5,"Tier IV - Sleepers, Part I",Half-PPR,2026-09-01,https://www.bigblueview.com/new-york-giants-roster/169430/fantasy-football-26-final-tight-end-rankings-and-tiers,verified_article_table,Normalized numeric tier=5 by sequential group order; the source repeats the heading 'Tier IV' for this group.
Kenyon Sadiq,TE,David Hartman / Big Blue View,5,"Tier IV - Sleepers, Part I",Half-PPR,2026-09-01,https://www.bigblueview.com/new-york-giants-roster/169430/fantasy-football-26-final-tight-end-rankings-and-tiers,verified_article_table,Normalized numeric tier=5 by sequential group order; the source repeats the heading 'Tier IV' for this group.
Gunnar Helm,TE,David Hartman / Big Blue View,5,"Tier IV - Sleepers, Part I",Half-PPR,2026-09-01,https://www.bigblueview.com/new-york-giants-roster/169430/fantasy-football-26-final-tight-end-rankings-and-tiers,verified_article_table,Normalized numeric tier=5 by sequential group order; the source repeats the heading 'Tier IV' for this group.
Pat Freiermuth,TE,David Hartman / Big Blue View,6,"TIER V - Sleepers, Part II",Half-PPR,2026-09-01,https://www.bigblueview.com/new-york-giants-roster/169430/fantasy-football-26-final-tight-end-rankings-and-tiers,verified_article_table,Normalized numeric tier=6 by sequential group order; the source labels this group 'Tier V' after repeating 'Tier IV' for the prior group. The source lists Pat Freiermuth twice in this final TE ranking; this curated file keeps one row to preserve a unique player/source/tier record.
Greg Dulcich,TE,David Hartman / Big Blue View,6,"TIER V - Sleepers, Part II",Half-PPR,2026-09-01,https://www.bigblueview.com/new-york-giants-roster/169430/fantasy-football-26-final-tight-end-rankings-and-tiers,verified_article_table,Normalized numeric tier=6 by sequential group order; the source labels this group 'Tier V' after repeating 'Tier IV' for the prior group.
Cade Otton,TE,David Hartman / Big Blue View,6,"TIER V - Sleepers, Part II",Half-PPR,2026-09-01,https://www.bigblueview.com/new-york-giants-roster/169430/fantasy-football-26-final-tight-end-rankings-and-tiers,verified_article_table,Normalized numeric tier=6 by sequential group order; the source labels this group 'Tier V' after repeating 'Tier IV' for the prior group.
David Njoku,TE,David Hartman / Big Blue View,6,"TIER V - Sleepers, Part II",Half-PPR,2026-09-01,https://www.bigblueview.com/new-york-giants-roster/169430/fantasy-football-26-final-tight-end-rankings-and-tiers,verified_article_table,Normalized numeric tier=6 by sequential group order; the source labels this group 'Tier V' after repeating 'Tier IV' for the prior group.
Evan Engram,TE,David Hartman / Big Blue View,6,"TIER V - Sleepers, Part II",Half-PPR,2026-09-01,https://www.bigblueview.com/new-york-giants-roster/169430/fantasy-football-26-final-tight-end-rankings-and-tiers,verified_article_table,Normalized numeric tier=6 by sequential group order; the source labels this group 'Tier V' after repeating 'Tier IV' for the prior group.
Eli Stowers,TE,David Hartman / Big Blue View,6,"TIER V - Sleepers, Part II",Half-PPR,2026-09-01,https://www.bigblueview.com/new-york-giants-roster/169430/fantasy-football-26-final-tight-end-rankings-and-tiers,verified_article_table,Normalized numeric tier=6 by sequential group order; the source labels this group 'Tier V' after repeating 'Tier IV' for the prior group.
Mike Gesicki,TE,David Hartman / Big Blue View,6,"TIER V - Sleepers, Part II",Half-PPR,2026-09-01,https://www.bigblueview.com/new-york-giants-roster/169430/fantasy-football-26-final-tight-end-rankings-and-tiers,verified_article_table,Normalized numeric tier=6 by sequential group order; the source labels this group 'Tier V' after repeating 'Tier IV' for the prior group.
Theo Johnson,TE,David Hartman / Big Blue View,6,"TIER V - Sleepers, Part II",Half-PPR,2026-09-01,https://www.bigblueview.com/new-york-giants-roster/169430/fantasy-football-26-final-tight-end-rankings-and-tiers,verified_article_table,Normalized numeric tier=6 by sequential group order; the source labels this group 'Tier V' after repeating 'Tier IV' for the prior group.
Jake Tonges,TE,David Hartman / Big Blue View,6,"TIER V - Sleepers, Part II",Half-PPR,2026-09-01,https://www.bigblueview.com/new-york-giants-roster/169430/fantasy-football-26-final-tight-end-rankings-and-tiers,verified_article_table,Normalized numeric tier=6 by sequential group order; the source labels this group 'Tier V' after repeating 'Tier IV' for the prior group.
Jahmyr Gibbs,RB,The Ringer Fantasy Football Show,1,Tier 1,Not specified in the public episode summary,2026-07-28,https://www.theringer.com/podcasts/the-ringer-fantasy-football-show/2026/07/27/rb-rankings-sleepers-and-tiers-plus-the-hot-qb-rankings-nos-5-8,verified_public_episode_summary,
Bijan Robinson,RB,The Ringer Fantasy Football Show,1,Tier 1,Not specified in the public episode summary,2026-07-28,https://www.theringer.com/podcasts/the-ringer-fantasy-football-show/2026/07/27/rb-rankings-sleepers-and-tiers-plus-the-hot-qb-rankings-nos-5-8,verified_public_episode_summary,
Christian McCaffrey,RB,The Ringer Fantasy Football Show,2,Tier 2,Not specified in the public episode summary,2026-07-28,https://www.theringer.com/podcasts/the-ringer-fantasy-football-show/2026/07/27/rb-rankings-sleepers-and-tiers-plus-the-hot-qb-rankings-nos-5-8,verified_public_episode_summary,
Jonathan Taylor,RB,The Ringer Fantasy Football Show,2,Tier 2,Not specified in the public episode summary,2026-07-28,https://www.theringer.com/podcasts/the-ringer-fantasy-football-show/2026/07/27/rb-rankings-sleepers-and-tiers-plus-the-hot-qb-rankings-nos-5-8,verified_public_episode_summary,
James Cook III,RB,The Ringer Fantasy Football Show,2,Tier 2,Not specified in the public episode summary,2026-07-28,https://www.theringer.com/podcasts/the-ringer-fantasy-football-show/2026/07/27/rb-rankings-sleepers-and-tiers-plus-the-hot-qb-rankings-nos-5-8,verified_public_episode_summary,
Ashton Jeanty,RB,The Ringer Fantasy Football Show,3,Tier 3,Not specified in the public episode summary,2026-07-28,https://www.theringer.com/podcasts/the-ringer-fantasy-football-show/2026/07/27/rb-rankings-sleepers-and-tiers-plus-the-hot-qb-rankings-nos-5-8,verified_public_episode_summary,
Saquon Barkley,RB,The Ringer Fantasy Football Show,3,Tier 3,Not specified in the public episode summary,2026-07-28,https://www.theringer.com/podcasts/the-ringer-fantasy-football-show/2026/07/27/rb-rankings-sleepers-and-tiers-plus-the-hot-qb-rankings-nos-5-8,verified_public_episode_summary,
Derrick Henry,RB,The Ringer Fantasy Football Show,3,Tier 3,Not specified in the public episode summary,2026-07-28,https://www.theringer.com/podcasts/the-ringer-fantasy-football-show/2026/07/27/rb-rankings-sleepers-and-tiers-plus-the-hot-qb-rankings-nos-5-8,verified_public_episode_summary,
Josh Allen,QB,The Ringer Fantasy Football Show,1,Tier 1,Not specified in the public episode summary,2026-07-15,https://www.theringer.com/podcasts/the-ringer-fantasy-football-show/2026/07/15/qb-rankings-sleepers-and-tiers-plus-summer-movie-club-transformers,verified_public_episode_summary,
Drake Maye,QB,The Ringer Fantasy Football Show,2,Tier 2,Not specified in the public episode summary,2026-07-15,https://www.theringer.com/podcasts/the-ringer-fantasy-football-show/2026/07/15/qb-rankings-sleepers-and-tiers-plus-summer-movie-club-transformers,verified_public_episode_summary,
Lamar Jackson,QB,The Ringer Fantasy Football Show,2,Tier 2,Not specified in the public episode summary,2026-07-15,https://www.theringer.com/podcasts/the-ringer-fantasy-football-show/2026/07/15/qb-rankings-sleepers-and-tiers-plus-summer-movie-club-transformers,verified_public_episode_summary,
Joe Burrow,QB,The Ringer Fantasy Football Show,3,Tier 3,Not specified in the public episode summary,2026-07-15,https://www.theringer.com/podcasts/the-ringer-fantasy-football-show/2026/07/15/qb-rankings-sleepers-and-tiers-plus-summer-movie-club-transformers,verified_public_episode_summary,
Jayden Daniels,QB,The Ringer Fantasy Football Show,3,Tier 3,Not specified in the public episode summary,2026-07-15,https://www.theringer.com/podcasts/the-ringer-fantasy-football-show/2026/07/15/qb-rankings-sleepers-and-tiers-plus-summer-movie-club-transformers,verified_public_episode_summary,
Malik Willis,QB,The Ringer Fantasy Football Show,4,Tier 4,Not specified in the public episode summary,2026-07-15,https://www.theringer.com/podcasts/the-ringer-fantasy-football-show/2026/07/15/qb-rankings-sleepers-and-tiers-plus-summer-movie-club-transformers,verified_public_episode_summary,
Brock Bowers,TE,The Ringer Fantasy Football Show,1,Tier 1,Not specified in the public episode summary,2026-07-13,https://www.theringer.com/podcasts/the-ringer-fantasy-football-show/2026/07/13/te-tiers-brock-bowers-trey-mcbride,verified_public_episode_summary,
Trey McBride,TE,The Ringer Fantasy Football Show,1,Tier 1,Not specified in the public episode summary,2026-07-13,https://www.theringer.com/podcasts/the-ringer-fantasy-football-show/2026/07/13/te-tiers-brock-bowers-trey-mcbride,verified_public_episode_summary,
Colston Loveland,TE,The Ringer Fantasy Football Show,2,Tier 2,Not specified in the public episode summary,2026-07-13,https://www.theringer.com/podcasts/the-ringer-fantasy-football-show/2026/07/13/te-tiers-brock-bowers-trey-mcbride,verified_public_episode_summary,
Tyler Warren,TE,The Ringer Fantasy Football Show,2,Tier 2,Not specified in the public episode summary,2026-07-13,https://www.theringer.com/podcasts/the-ringer-fantasy-football-show/2026/07/13/te-tiers-brock-bowers-trey-mcbride,verified_public_episode_summary,
Luther Burden III,WR,The Ringer Fantasy Football Show,4,Tier 4: 16-18 guys we don't know what to do with,Not specified in the public episode summary,2026-07-20,https://www.theringer.com/podcasts/the-ringer-fantasy-football-show/2026/07/20/wr-rankings-sleepers-and-tiers-plus-the-hot-qb-rankings-nos-9-12,supported_by_episode_summary_context,The public episode description discusses Luther Burden III while describing the Tier 4 segment; retained as a contextual Tier 4 assignment rather than a transcript-verified roster.
Zay Flowers,WR,The Ringer Fantasy Football Show,4,Tier 4: 16-18 guys we don't know what to do with,Not specified in the public episode summary,2026-07-20,https://www.theringer.com/podcasts/the-ringer-fantasy-football-show/2026/07/20/wr-rankings-sleepers-and-tiers-plus-the-hot-qb-rankings-nos-9-12,supported_by_episode_summary_context,The public episode description discusses Zay Flowers while describing the Tier 4 segment; retained as a contextual Tier 4 assignment rather than a transcript-verified roster.
Chris Olave,WR,The Ringer Fantasy Football Show,4,Tier 4: 16-18 guys we don't know what to do with,Not specified in the public episode summary,2026-07-20,https://www.theringer.com/podcasts/the-ringer-fantasy-football-show/2026/07/20/wr-rankings-sleepers-and-tiers-plus-the-hot-qb-rankings-nos-9-12,supported_by_episode_summary_context,The public episode description discusses Chris Olave while describing the Tier 4 segment; retained as a contextual Tier 4 assignment rather than a transcript-verified roster.
